"Date","Source","Site ID","POC","Daily Max 1-hour NO2 Concentration","UNITS","DAILY_AQI_VALUE","Site Name","DAILY_OBS_COUNT","PERCENT_COMPLETE","AQS_PARAMETER_CODE","AQS_PARAMETER_DESC","CBSA_CODE","CBSA_NAME","STATE_CODE","STATE","COUNTY_CODE","COUNTY","SITE_LATITUDE","SITE_LONGITUDE"
"01/01/2013","AQS","060950004","1","34.6","ppb","32","Vallejo","23","96.0000","42602","Nitrogen dioxide (NO2)","46700","Vallejo-Fairfield, CA","06","California","095","Solano","38.102507","-122.237976"
"01/02/2013","AQS","060950004","1","39.4","ppb","37","Vallejo","23","96.0000","42602","Nitrogen dioxide (NO2)","46700","Vallejo-Fairfield, CA","06","California","095","Solano","38.102507","-122.237976"
"01/03/2013","AQS","060950004","1","36.9","ppb","34","Vallejo","23","96.0000","42602","Nitrogen dioxide (NO2)","46700","Vallejo-Fairfield, CA","06","California","095","Solano","38.102507","-122.237976"
"01/04/2013","AQS","060950004","1","31.3","ppb","29","Vallejo","23","96.0000","42602","Nitrogen dioxide (NO2)","46700","Vallejo-Fairfield, CA","06","California","095","Solano","38.102507","-122.237976"
"01/05/2013","AQS","060950004","1","27.6","ppb","25","Vallejo","23","96.0000","42602","Nitrogen dioxide (NO2)","46700","Vallejo-Fairfield, CA","06","California","095","Solano","38.102507","-122.237976"
"01/06/2013","AQS","060950004","1","32","ppb","30","Vallejo","23","96.0000","42602","Nitrogen dioxide (NO2)","46700","Vallejo-Fairfield, CA","06","California","095","Solano","38.102507","-122.237976"
"01/07/2013","AQS","060950004","1","26.1","ppb","25","Vallejo","23","96.0000","42602","Nitrogen dioxide (NO2)","46700","Vallejo-Fairfield, CA","06","California","095","Solano","38.102507","-122.237976"
"01/08/2013","AQS","060950004","1","32.9","ppb","30","Vallejo","23","96.0000","42602","Nitrogen dioxide (NO2)","46700","Vallejo-Fairfield, CA","06","California","095","Solano","38.102507","-122.237976"
"01/09/2013","AQS","060950004","1","29.8","ppb","27","Vallejo","23","96.0000","42602","Nitrogen dioxide (NO2)","46700","Vallejo-Fairfield, CA","06","California","095","Solano","38.102507","-122.237976"
"01/10/2013","AQS","060950004","1","18.2","ppb","17","Vallejo","23","96.0000","42602","Nitrogen dioxide (NO2)","46700","Vallejo-Fairfield, CA","06","California","095","Solano","38.102507","-122.237976"
"01/11/2013","AQS","060950004","1","38.4","ppb","36","Vallejo","23","96.0000","42602","Nitrogen dioxide (NO2)","46700","Vallejo-Fairfield, CA","06","California","095","Solano","38.102507","-122.237976"
"01/12/2013","AQS","060950004","1","31.4","ppb","29","Vallejo","23","96.0000","42602","Nitrogen dioxide (NO2)","46700","Vallejo-Fairfield, CA","06","California","095","Solano","38.102507","-122.237976"
"01/13/2013","AQS","060950004","1","39","ppb","37","Vallejo","23","96.0000","42602","Nitrogen dioxide (NO2)","46700","Vallejo-Fairfield, CA","06","California","095","Solano","38.102507","-122.237976"
"01/14/2013","AQS","060950004","1","45.4","ppb","42","Vallejo","23","96.0000","42602","Nitrogen dioxide (NO2)","46700","Vallejo-Fairfield, CA","06","California","095","Solano","38.102507","-122.237976"
"01/15/2013","AQS","060950004","1","42.3","ppb","40","Vallejo","23","96.0000","42602","Nitrogen dioxide (NO2)","46700","Vallejo-Fairfield, CA","06","California","095","Solano","38.102507","-122.237976"
"01/16/2013","AQS","060950004","1","48.2","ppb","45","Vallejo","23","96.0000","42602","Nitrogen dioxide (NO2)","46700","Vallejo-Fairfield, CA","06","California","095","Solano","38.102507","-122.237976"
"01/17/2013","AQS","060950004","1","41.6","ppb","39","Vallejo","23","96.0000","42602","Nitrogen dioxide (NO2)","46700","Vallejo-Fairfield, CA","06","California","095","Solano","38.102507","-122.237976"
"01/18/2013","AQS","060950004","1","36.9","ppb","34","Vallejo","23","96.0000","42602","Nitrogen dioxide (NO2)","46700","Vallejo-Fairfield, CA","06","California","095","Solano","38.102507","-122.237976"
"01/19/2013","AQS","060950004","1","40.2","ppb","38","Vallejo","23","96.0000","42602","Nitrogen dioxide (NO2)","46700","Vallejo-Fairfield, CA","06","California","095","Solano","38.102507","-122.237976"
"01/20/2013","AQS","060950004","1","41.4","ppb","39","Vallejo","23","96.0000","42602","Nitrogen dioxide (NO2)","46700","Vallejo-Fairfield, CA","06","California","095","Solano","38.102507","-122.237976"
"01/21/2013","AQS","060950004","1","36.4","ppb","34","Vallejo","23","96.0000","42602","Nitrogen dioxide (NO2)","46700","Vallejo-Fairfield, CA","06","California","095","Solano","38.102507","-122.237976"
"01/22/2013","AQS","060950004","1","21.9","ppb","20","Vallejo","23","96.0000","42602","Nitrogen dioxide (NO2)","46700","Vallejo-Fairfield, CA","06","California","095","Solano","38.102507","-122.237976"
"01/23/2013","AQS","060950004","1","30.9","ppb","28","Vallejo","23","96.0000","42602","Nitrogen dioxide (NO2)","46700","Vallejo-Fairfield, CA","06","California","095","Solano","38.102507","-122.237976"
"01/24/2013","AQS","060950004","1","23.1","ppb","22","Vallejo","23","96.0000","42602","Nitrogen dioxide (NO2)","46700","Vallejo-Fairfield, CA","06","California","095","Solano","38.102507","-122.237976"
"01/25/2013","AQS","060950004","1","20.5","ppb","19","Vallejo","23","96.0000","42602","Nitrogen dioxide (NO2)","46700","Vallejo-Fairfield, CA","06","California","095","Solano","38.102507","-122.237976"
"01/26/2013","AQS","060950004","1","18","ppb","17","Vallejo","23","96.0000","42602","Nitrogen dioxide (NO2)","46700","Vallejo-Fairfield, CA","06","California","095","Solano","38.102507","-122.237976"
"01/27/2013","AQS","060950004","1","25.3","ppb","24","Vallejo","23","96.0000","42602","Nitrogen dioxide (NO2)","46700","Vallejo-Fairfield, CA","06","California","095","Solano","38.102507","-122.237976"
"01/28/2013","AQS","060950004","1","34.5","ppb","32","Vallejo","21","88.0000","42602","Nitrogen dioxide (NO2)","46700","Vallejo-Fairfield, CA","06","California","095","Solano","38.102507","-122.237976"
"01/29/2013","AQS","060950004","1","36","ppb","34","Vallejo","23","96.0000","42602","Nitrogen dioxide (NO2)","46700","Vallejo-Fairfield, CA","06","California","095","Solano","38.102507","-122.237976"
"01/30/2013","AQS","060950004","1","33.1","ppb","31","Vallejo","23","96.0000","42602","Nitrogen dioxide (NO2)","46700","Vallejo-Fairfield, CA","06","California","095","Solano","38.102507","-122.237976"
"01/31/2013","AQS","060950004","1","37.7","ppb","35","Vallejo","23","96.0000","42602","Nitrogen dioxide (NO2)","46700","Vallejo-Fairfield, CA","06","California","095","Solano","38.102507","-122.237976"
"02/01/2013","AQS","060950004","1","31.7","ppb","29","Vallejo","23","96.0000","42602","Nitrogen dioxide (NO2)","46700","Vallejo-Fairfield, CA","06","California","095","Solano","38.102507","-122.237976"
"02/02/2013","AQS","060950004","1","26.7","ppb","25","Vallejo","23","96.0000","42602","Nitrogen dioxide (NO2)","46700","Vallejo-Fairfield, CA","06","California","095","Solano","38.102507","-122.237976"
"02/03/2013","AQS","060950004","1","23.1","ppb","22","Vallejo","23","96.0000","42602","Nitrogen dioxide (NO2)","46700","Vallejo-Fairfield, CA","06","California","095","Solano","38.102507","-122.237976"
"02/04/2013","AQS","060950004","1","22.8","ppb","21","Vallejo","23","96.0000","42602","Nitrogen dioxide (NO2)","46700","Vallejo-Fairfield, CA","06","California","095","Solano","38.102507","-122.237976"
"02/05/2013","AQS","060950004","1","8.6","ppb","8","Vallejo","23","96.0000","42602","Nitrogen dioxide (NO2)","46700","Vallejo-Fairfield, CA","06","California","095","Solano","38.102507","-122.237976"
"02/06/2013","AQS","060950004","1","36.6","ppb","34","Vallejo","23","96.0000","42602","Nitrogen dioxide (NO2)","46700","Vallejo-Fairfield, CA","06","California","095","Solano","38.102507","-122.237976"
"02/07/2013","AQS","060950004","1","32.6","ppb","30","Vallejo","22","92.0000","42602","Nitrogen dioxide (NO2)","46700","Vallejo-Fairfield, CA","06","California","095","Solano","38.102507","-122.237976"
"02/08/2013","AQS","060950004","1","35.7","ppb","33","Vallejo","23","96.0000","42602","Nitrogen dioxide (NO2)","46700","Vallejo-Fairfield, CA","06","California","095","Solano","38.102507","-122.237976"
"02/09/2013","AQS","060950004","1","35.2","ppb","33","Vallejo","23","96.0000","42602","Nitrogen dioxide (NO2)","46700","Vallejo-Fairfield, CA","06","California","095","Solano","38.102507","-122.237976"
"02/10/2013","AQS","060950004","1","31.9","ppb","29","Vallejo","23","96.0000","42602","Nitrogen dioxide (NO2)","46700","Vallejo-Fairfield, CA","06","California","095","Solano","38.102507","-122.237976"
"02/11/2013","AQS","060950004","1","41.6","ppb","39","Vallejo","23","96.0000","42602","Nitrogen dioxide (NO2)","46700","Vallejo-Fairfield, CA","06","California","095","Solano","38.102507","-122.237976"
"02/12/2013","AQS","060950004","1","39.7","ppb","37","Vallejo","23","96.0000","42602","Nitrogen dioxide (NO2)","46700","Vallejo-Fairfield, CA","06","California","095","Solano","38.102507","-122.237976"
"02/13/2013","AQS","060950004","1","29.3","ppb","27","Vallejo","23","96.0000","42602","Nitrogen dioxide (NO2)","46700","Vallejo-Fairfield, CA","06","California","095","Solano","38.102507","-122.237976"
"02/14/2013","AQS","060950004","1","35.3","ppb","33","Vallejo","22","92.0000","42602","Nitrogen dioxide (NO2)","46700","Vallejo-Fairfield, CA","06","California","095","Solano","38.102507","-122.237976"
"02/15/2013","AQS","060950004","1","42.7","ppb","40","Vallejo","23","96.0000","42602","Nitrogen dioxide (NO2)","46700","Vallejo-Fairfield, CA","06","California","095","Solano","38.102507","-122.237976"
"02/16/2013","AQS","060950004","1","36.7","ppb","34","Vallejo","23","96.0000","42602","Nitrogen dioxide (NO2)","46700","Vallejo-Fairfield, CA","06","California","095","Solano","38.102507","-122.237976"
"02/17/2013","AQS","060950004","1","20.4","ppb","19","Vallejo","23","96.0000","42602","Nitrogen dioxide (NO2)","46700","Vallejo-Fairfield, CA","06","California","095","Solano","38.102507","-122.237976"
"02/18/2013","AQS","060950004","1","12.4","ppb","11","Vallejo","23","96.0000","42602","Nitrogen dioxide (NO2)","46700","Vallejo-Fairfield, CA","06","California","095","Solano","38.102507","-122.237976"
"02/19/2013","AQS","060950004","1","21.2","ppb","20","Vallejo","23","96.0000","42602","Nitrogen dioxide (NO2)","46700","Vallejo-Fairfield, CA","06","California","095","Solano","38.102507","-122.237976"
"02/20/2013","AQS","060950004","1","33.9","ppb","31","Vallejo","23","96.0000","42602","Nitrogen dioxide (NO2)","46700","Vallejo-Fairfield, CA","06","California","095","Solano","38.102507","-122.237976"
"02/22/2013","AQS","060950004","1","34.3","ppb","32","Vallejo","23","96.0000","42602","Nitrogen dioxide (NO2)","46700","Vallejo-Fairfield, CA","06","California","095","Solano","38.102507","-122.237976"
"02/23/2013","AQS","060950004","1","14.1","ppb","13","Vallejo","23","96.0000","42602","Nitrogen dioxide (NO2)","46700","Vallejo-Fairfield, CA","06","California","095","Solano","38.102507","-122.237976"
"02/24/2013","AQS","060950004","1","32.2","ppb","30","Vallejo","23","96.0000","42602","Nitrogen dioxide (NO2)","46700","Vallejo-Fairfield, CA","06","California","095","Solano","38.102507","-122.237976"
"02/25/2013","AQS","060950004","1","23.2","ppb","22","Vallejo","22","92.0000","42602","Nitrogen dioxide (NO2)","46700","Vallejo-Fairfield, CA","06","California","095","Solano","38.102507","-122.237976"
"02/26/2013","AQS","060950004","1","32.9","ppb","30","Vallejo","23","96.0000","42602","Nitrogen dioxide (NO2)","46700","Vallejo-Fairfield, CA","06","California","095","Solano","38.102507","-122.237976"
"02/27/2013","AQS","060950004","1","31.5","ppb","29","Vallejo","23","96.0000","42602","Nitrogen dioxide (NO2)","46700","Vallejo-Fairfield, CA","06","California","095","Solano","38.102507","-122.237976"
"02/28/2013","AQS","060950004","1","26","ppb","25","Vallejo","23","96.0000","42602","Nitrogen dioxide (NO2)","46700","Vallejo-Fairfield, CA","06","California","095","Solano","38.102507","-122.237976"
"03/01/2013","AQS","060950004","1","31.6","ppb","29","Vallejo","19","79.0000","42602","Nitrogen dioxide (NO2)","46700","Vallejo-Fairfield, CA","06","California","095","Solano","38.102507","-122.237976"
"03/02/2013","AQS","060950004","1","23.7","ppb","22","Vallejo","23","96.0000","42602","Nitrogen dioxide (NO2)","46700","Vallejo-Fairfield, CA","06","California","095","Solano","38.102507","-122.237976"
"03/03/2013","AQS","060950004","1","11.1","ppb","10","Vallejo","23","96.0000","42602","Nitrogen dioxide (NO2)","46700","Vallejo-Fairfield, CA","06","California","095","Solano","38.102507","-122.237976"
"03/04/2013","AQS","060950004","1","5.7","ppb","5","Vallejo","23","96.0000","42602","Nitrogen dioxide (NO2)","46700","Vallejo-Fairfield, CA","06","California","095","Solano","38.102507","-122.237976"
"03/05/2013","AQS","060950004","1","24.6","ppb","23","Vallejo","23","96.0000","42602","Nitrogen dioxide (NO2)","46700","Vallejo-Fairfield, CA","06","California","095","Solano","38.102507","-122.237976"
"03/06/2013","AQS","060950004","1","31.8","ppb","29","Vallejo","23","96.0000","42602","Nitrogen dioxide (NO2)","46700","Vallejo-Fairfield, CA","06","California","095","Solano","38.102507","-122.237976"
"03/07/2013","AQS","060950004","1","30","ppb","28","Vallejo","23","96.0000","42602","Nitrogen dioxide (NO2)","46700","Vallejo-Fairfield, CA","06","California","095","Solano","38.102507","-122.237976"
"03/08/2013","AQS","060950004","1","29.6","ppb","27","Vallejo","23","96.0000","42602","Nitrogen dioxide (NO2)","46700","Vallejo-Fairfield, CA","06","California","095","Solano","38.102507","-122.237976"
"03/09/2013","AQS","060950004","1","25.4","ppb","24","Vallejo","23","96.0000","42602","Nitrogen dioxide (NO2)","46700","Vallejo-Fairfield, CA","06","California","095","Solano","38.102507","-122.237976"
"03/10/2013","AQS","060950004","1","23.3","ppb","22","Vallejo","23","96.0000","42602","Nitrogen dioxide (NO2)","46700","Vallejo-Fairfield, CA","06","California","095","Solano","38.102507","-122.237976"
"03/11/2013","AQS","060950004","1","25.1","ppb","24","Vallejo","23","96.0000","42602","Nitrogen dioxide (NO2)","46700","Vallejo-Fairfield, CA","06","California","095","Solano","38.102507","-122.237976"
"03/12/2013","AQS","060950004","1","14.3","ppb","13","Vallejo","23","96.0000","42602","Nitrogen dioxide (NO2)","46700","Vallejo-Fairfield, CA","06","California","095","Solano","38.102507","-122.237976"
"03/13/2013","AQS","060950004","1","23","ppb","22","Vallejo","23","96.0000","42602","Nitrogen dioxide (NO2)","46700","Vallejo-Fairfield, CA","06","California","095","Solano","38.102507","-122.237976"
"03/14/2013","AQS","060950004","1","19.6","ppb","18","Vallejo","23","96.0000","42602","Nitrogen dioxide (NO2)","46700","Vallejo-Fairfield, CA","06","California","095","Solano","38.102507","-122.237976"
"03/15/2013","AQS","060950004","1","22.8","ppb","21","Vallejo","23","96.0000","42602","Nitrogen dioxide (NO2)","46700","Vallejo-Fairfield, CA","06","California","095","Solano","38.102507","-122.237976"
"03/16/2013","AQS","060950004","1","12.8","ppb","11","Vallejo","23","96.0000","42602","Nitrogen dioxide (NO2)","46700","Vallejo-Fairfield, CA","06","California","095","Solano","38.102507","-122.237976"
"03/17/2013","AQS","060950004","1","11.9","ppb","10","Vallejo","23","96.0000","42602","Nitrogen dioxide (NO2)","46700","Vallejo-Fairfield, CA","06","California","095","Solano","38.102507","-122.237976"
"03/18/2013","AQS","060950004","1","23.1","ppb","22","Vallejo","23","96.0000","42602","Nitrogen dioxide (NO2)","46700","Vallejo-Fairfield, CA","06","California","095","Solano","38.102507","-122.237976"
"03/19/2013","AQS","060950004","1","28.9","ppb","26","Vallejo","22","92.0000","42602","Nitrogen dioxide (NO2)","46700","Vallejo-Fairfield, CA","06","California","095","Solano","38.102507","-122.237976"
"03/20/2013","AQS","060950004","1","26","ppb","25","Vallejo","23","96.0000","42602","Nitrogen dioxide (NO2)","46700","Vallejo-Fairfield, CA","06","California","095","Solano","38.102507","-122.237976"
"03/21/2013","AQS","060950004","1","23.5","ppb","22","Vallejo","23","96.0000","42602","Nitrogen dioxide (NO2)","46700","Vallejo-Fairfield, CA","06","California","095","Solano","38.102507","-122.237976"
"03/22/2013","AQS","060950004","1","30.3","ppb","28","Vallejo","23","96.0000","42602","Nitrogen dioxide (NO2)","46700","Vallejo-Fairfield, CA","06","California","095","Solano","38.102507","-122.237976"
"03/23/2013","AQS","060950004","1","27.4","ppb","25","Vallejo","23","96.0000","42602","Nitrogen dioxide (NO2)","46700","Vallejo-Fairfield, CA","06","California","095","Solano","38.102507","-122.237976"
"03/24/2013","AQS","060950004","1","19.8","ppb","18","Vallejo","23","96.0000","42602","Nitrogen dioxide (NO2)","46700","Vallejo-Fairfield, CA","06","California","095","Solano","38.102507","-122.237976"
"03/25/2013","AQS","060950004","1","15.9","ppb","14","Vallejo","23","96.0000","42602","Nitrogen dioxide (NO2)","46700","Vallejo-Fairfield, CA","06","California","095","Solano","38.102507","-122.237976"
"03/26/2013","AQS","060950004","1","9","ppb","8","Vallejo","23","96.0000","42602","Nitrogen dioxide (NO2)","46700","Vallejo-Fairfield, CA","06","California","095","Solano","38.102507","-122.237976"
"03/27/2013","AQS","060950004","1","13.1","ppb","12","Vallejo","23","96.0000","42602","Nitrogen dioxide (NO2)","46700","Vallejo-Fairfield, CA","06","California","095","Solano","38.102507","-122.237976"
"03/28/2013","AQS","060950004","1","18.2","ppb","17","Vallejo","23","96.0000","42602","Nitrogen dioxide (NO2)","46700","Vallejo-Fairfield, CA","06","California","095","Solano","38.102507","-122.237976"
"03/29/2013","AQS","060950004","1","22.7","ppb","21","Vallejo","23","96.0000","42602","Nitrogen dioxide (NO2)","46700","Vallejo-Fairfield, CA","06","California","095","Solano","38.102507","-122.237976"
"03/30/2013","AQS","060950004","1","7","ppb","7","Vallejo","23","96.0000","42602","Nitrogen dioxide (NO2)","46700","Vallejo-Fairfield, CA","06","California","095","Solano","38.102507","-122.237976"
"03/31/2013","AQS","060950004","1","15.8","ppb","14","Vallejo","23","96.0000","42602","Nitrogen dioxide (NO2)","46700","Vallejo-Fairfield, CA","06","California","095","Solano","38.102507","-122.237976"
"04/01/2013","AQS","060950004","1","22.4","ppb","21","Vallejo","23","96.0000","42602","Nitrogen dioxide (NO2)","46700","Vallejo-Fairfield, CA","06","California","095","Solano","38.102507","-122.237976"
"04/02/2013","AQS","060950004","1","8.5","ppb","8","Vallejo","22","92.0000","42602","Nitrogen dioxide (NO2)","46700","Vallejo-Fairfield, CA","06","California","095","Solano","38.102507","-122.237976"
"04/03/2013","AQS","060950004","1","11.5","ppb","10","Vallejo","21","88.0000","42602","Nitrogen dioxide (NO2)","46700","Vallejo-Fairfield, CA","06","California","095","Solano","38.102507","-122.237976"
"04/04/2013","AQS","060950004","1","19.5","ppb","18","Vallejo","23","96.0000","42602","Nitrogen dioxide (NO2)","46700","Vallejo-Fairfield, CA","06","California","095","Solano","38.102507","-122.237976"
"04/05/2013","AQS","060950004","1","12.7","ppb","11","Vallejo","23","96.0000","42602","Nitrogen dioxide (NO2)","46700","Vallejo-Fairfield, CA","06","California","095","Solano","38.102507","-122.237976"
"04/06/2013","AQS","060950004","1","6.9","ppb","6","Vallejo","23","96.0000","42602","Nitrogen dioxide (NO2)","46700","Vallejo-Fairfield, CA","06","California","095","Solano","38.102507","-122.237976"
"04/07/2013","AQS","060950004","1","3.6","ppb","3","Vallejo","23","96.0000","42602","Nitrogen dioxide (NO2)","46700","Vallejo-Fairfield, CA","06","California","095","Solano","38.102507","-122.237976"
"04/08/2013","AQS","060950004","1","13.7","ppb","12","Vallejo","18","75.0000","42602","Nitrogen dioxide (NO2)","46700","Vallejo-Fairfield, CA","06","California","095","Solano","38.102507","-122.237976"
"04/09/2013","AQS","060950004","1","28.4","ppb","26","Vallejo","23","96.0000","42602","Nitrogen dioxide (NO2)","46700","Vallejo-Fairfield, CA","06","California","095","Solano","38.102507","-122.237976"
"04/10/2013","AQS","060950004","1","26.2","ppb","25","Vallejo","23","96.0000","42602","Nitrogen dioxide (NO2)","46700","Vallejo-Fairfield, CA","06","California","095","Solano","38.102507","-122.237976"
"04/11/2013","AQS","060950004","1","16.7","ppb","15","Vallejo","23","96.0000","42602","Nitrogen dioxide (NO2)","46700","Vallejo-Fairfield, CA","06","California","095","Solano","38.102507","-122.237976"
"04/12/2013","AQS","060950004","1","13.6","ppb","12","Vallejo","23","96.0000","42602","Nitrogen dioxide (NO2)","46700","Vallejo-Fairfield, CA","06","California","095","Solano","38.102507","-122.237976"
"04/13/2013","AQS","060950004","1","7","ppb","7","Vallejo","23","96.0000","42602","Nitrogen dioxide (NO2)","46700","Vallejo-Fairfield, CA","06","California","095","Solano","38.102507","-122.237976"
"04/14/2013","AQS","060950004","1","2.8","ppb","2","Vallejo","23","96.0000","42602","Nitrogen dioxide (NO2)","46700","Vallejo-Fairfield, CA","06","California","095","Solano","38.102507","-122.237976"
"04/15/2013","AQS","060950004","1","6.3","ppb","6","Vallejo","23","96.0000","42602","Nitrogen dioxide (NO2)","46700","Vallejo-Fairfield, CA","06","California","095","Solano","38.102507","-122.237976"
"04/16/2013","AQS","060950004","1","19.4","ppb","18","Vallejo","23","96.0000","42602","Nitrogen dioxide (NO2)","46700","Vallejo-Fairfield, CA","06","California","095","Solano","38.102507","-122.237976"
"04/17/2013","AQS","060950004","1","26","ppb","25","Vallejo","23","96.0000","42602","Nitrogen dioxide (NO2)","46700","Vallejo-Fairfield, CA","06","California","095","Solano","38.102507","-122.237976"
"04/18/2013","AQS","060950004","1","33.9","ppb","31","Vallejo","23","96.0000","42602","Nitrogen dioxide (NO2)","46700","Vallejo-Fairfield, CA","06","California","095","Solano","38.102507","-122.237976"
"04/19/2013","AQS","060950004","1","17.6","ppb","16","Vallejo","23","96.0000","42602","Nitrogen dioxide (NO2)","46700","Vallejo-Fairfield, CA","06","California","095","Solano","38.102507","-122.237976"
"04/20/2013","AQS","060950004","1","24.2","ppb","23","Vallejo","23","96.0000","42602","Nitrogen dioxide (NO2)","46700","Vallejo-Fairfield, CA","06","California","095","Solano","38.102507","-122.237976"
"04/21/2013","AQS","060950004","1","24.1","ppb","23","Vallejo","23","96.0000","42602","Nitrogen dioxide (NO2)","46700","Vallejo-Fairfield, CA","06","California","095","Solano","38.102507","-122.237976"
"04/22/2013","AQS","060950004","1","31.4","ppb","29","Vallejo","22","92.0000","42602","Nitrogen dioxide (NO2)","46700","Vallejo-Fairfield, CA","06","California","095","Solano","38.102507","-122.237976"
"04/23/2013","AQS","060950004","1","27.6","ppb","25","Vallejo","23","96.0000","42602","Nitrogen dioxide (NO2)","46700","Vallejo-Fairfield, CA","06","California","095","Solano","38.102507","-122.237976"
"04/24/2013","AQS","060950004","1","10","ppb","9","Vallejo","23","96.0000","42602","Nitrogen dioxide (NO2)","46700","Vallejo-Fairfield, CA","06","California","095","Solano","38.102507","-122.237976"
"04/25/2013","AQS","060950004","1","4.6","ppb","4","Vallejo","22","92.0000","42602","Nitrogen dioxide (NO2)","46700","Vallejo-Fairfield, CA","06","California","095","Solano","38.102507","-122.237976"
"04/26/2013","AQS","060950004","1","6","ppb","6","Vallejo","23","96.0000","42602","Nitrogen dioxide (NO2)","46700","Vallejo-Fairfield, CA","06","California","095","Solano","38.102507","-122.237976"
"04/27/2013","AQS","060950004","1","7.8","ppb","7","Vallejo","23","96.0000","42602","Nitrogen dioxide (NO2)","46700","Vallejo-Fairfield, CA","06","California","095","Solano","38.102507","-122.237976"
"04/28/2013","AQS","060950004","1","26.4","ppb","25","Vallejo","23","96.0000","42602","Nitrogen dioxide (NO2)","46700","Vallejo-Fairfield, CA","06","California","095","Solano","38.102507","-122.237976"
"04/29/2013","AQS","060950004","1","21.1","ppb","20","Vallejo","23","96.0000","42602","Nitrogen dioxide (NO2)","46700","Vallejo-Fairfield, CA","06","California","095","Solano","38.102507","-122.237976"
"04/30/2013","AQS","060950004","1","34.7","ppb","32","Vallejo","23","96.0000","42602","Nitrogen dioxide (NO2)","46700","Vallejo-Fairfield, CA","06","California","095","Solano","38.102507","-122.237976"
"05/01/2013","AQS","060950004","1","39","ppb","37","Vallejo","23","96.0000","42602","Nitrogen dioxide (NO2)","46700","Vallejo-Fairfield, CA","06","California","095","Solano","38.102507","-122.237976"
"05/02/2013","AQS","060950004","1","35.6","ppb","33","Vallejo","23","96.0000","42602","Nitrogen dioxide (NO2)","46700","Vallejo-Fairfield, CA","06","California","095","Solano","38.102507","-122.237976"
"05/03/2013","AQS","060950004","1","25.3","ppb","24","Vallejo","22","92.0000","42602","Nitrogen dioxide (NO2)","46700","Vallejo-Fairfield, CA","06","California","095","Solano","38.102507","-122.237976"
"05/04/2013","AQS","060950004","1","21.2","ppb","20","Vallejo","23","96.0000","42602","Nitrogen dioxide (NO2)","46700","Vallejo-Fairfield, CA","06","California","095","Solano","38.102507","-122.237976"
"05/05/2013","AQS","060950004","1","4.7","ppb","4","Vallejo","23","96.0000","42602","Nitrogen dioxide (NO2)","46700","Vallejo-Fairfield, CA","06","California","095","Solano","38.102507","-122.237976"
"05/06/2013","AQS","060950004","1","14","ppb","13","Vallejo","23","96.0000","42602","Nitrogen dioxide (NO2)","46700","Vallejo-Fairfield, CA","06","California","095","Solano","38.102507","-122.237976"
"05/07/2013","AQS","060950004","1","5","ppb","5","Vallejo","22","92.0000","42602","Nitrogen dioxide (NO2)","46700","Vallejo-Fairfield, CA","06","California","095","Solano","38.102507","-122.237976"
"05/08/2013","AQS","060950004","1","5.1","ppb","5","Vallejo","23","96.0000","42602","Nitrogen dioxide (NO2)","46700","Vallejo-Fairfield, CA","06","California","095","Solano","38.102507","-122.237976"
"05/09/2013","AQS","060950004","1","5.1","ppb","5","Vallejo","23","96.0000","42602","Nitrogen dioxide (NO2)","46700","Vallejo-Fairfield, CA","06","California","095","Solano","38.102507","-122.237976"
"05/10/2013","AQS","060950004","1","11.9","ppb","10","Vallejo","23","96.0000","42602","Nitrogen dioxide (NO2)","46700","Vallejo-Fairfield, CA","06","California","095","Solano","38.102507","-122.237976"
"05/11/2013","AQS","060950004","1","8.2","ppb","8","Vallejo","23","96.0000","42602","Nitrogen dioxide (NO2)","46700","Vallejo-Fairfield, CA","06","California","095","Solano","38.102507","-122.237976"
"05/12/2013","AQS","060950004","1","10.5","ppb","9","Vallejo","23","96.0000","42602","Nitrogen dioxide (NO2)","46700","Vallejo-Fairfield, CA","06","California","095","Solano","38.102507","-122.237976"
"05/13/2013","AQS","060950004","1","12.7","ppb","11","Vallejo","22","92.0000","42602","Nitrogen dioxide (NO2)","46700","Vallejo-Fairfield, CA","06","California","095","Solano","38.102507","-122.237976"
"05/14/2013","AQS","060950004","1","9.8","ppb","8","Vallejo","23","96.0000","42602","Nitrogen dioxide (NO2)","46700","Vallejo-Fairfield, CA","06","California","095","Solano","38.102507","-122.237976"
"05/15/2013","AQS","060950004","1","8.4","ppb","8","Vallejo","18","75.0000","42602","Nitrogen dioxide (NO2)","46700","Vallejo-Fairfield, CA","06","California","095","Solano","38.102507","-122.237976"
"05/16/2013","AQS","060950004","1","4.4","ppb","4","Vallejo","23","96.0000","42602","Nitrogen dioxide (NO2)","46700","Vallejo-Fairfield, CA","06","California","095","Solano","38.102507","-122.237976"
"05/17/2013","AQS","060950004","1","5.3","ppb","5","Vallejo","23","96.0000","42602","Nitrogen dioxide (NO2)","46700","Vallejo-Fairfield, CA","06","California","095","Solano","38.102507","-122.237976"
"05/18/2013","AQS","060950004","1","3.8","ppb","3","Vallejo","23","96.0000","42602","Nitrogen dioxide (NO2)","46700","Vallejo-Fairfield, CA","06","California","095","Solano","38.102507","-122.237976"
"05/19/2013","AQS","060950004","1","20.1","ppb","19","Vallejo","23","96.0000","42602","Nitrogen dioxide (NO2)","46700","Vallejo-Fairfield, CA","06","California","095","Solano","38.102507","-122.237976"
"05/20/2013","AQS","060950004","1","23.7","ppb","22","Vallejo","23","96.0000","42602","Nitrogen dioxide (NO2)","46700","Vallejo-Fairfield, CA","06","California","095","Solano","38.102507","-122.237976"
"05/21/2013","AQS","060950004","1","6.3","ppb","6","Vallejo","23","96.0000","42602","Nitrogen dioxide (NO2)","46700","Vallejo-Fairfield, CA","06","California","095","Solano","38.102507","-122.237976"
"05/22/2013","AQS","060950004","1","5.7","ppb","5","Vallejo","23","96.0000","42602","Nitrogen dioxide (NO2)","46700","Vallejo-Fairfield, CA","06","California","095","Solano","38.102507","-122.237976"
"05/23/2013","AQS","060950004","1","5.7","ppb","5","Vallejo","23","96.0000","42602","Nitrogen dioxide (NO2)","46700","Vallejo-Fairfield, CA","06","California","095","Solano","38.102507","-122.237976"
"05/24/2013","AQS","060950004","1","8.1","ppb","8","Vallejo","23","96.0000","42602","Nitrogen dioxide (NO2)","46700","Vallejo-Fairfield, CA","06","California","095","Solano","38.102507","-122.237976"
"05/25/2013","AQS","060950004","1","5.5","ppb","5","Vallejo","23","96.0000","42602","Nitrogen dioxide (NO2)","46700","Vallejo-Fairfield, CA","06","California","095","Solano","38.102507","-122.237976"
"05/26/2013","AQS","060950004","1","1.2","ppb","1","Vallejo","23","96.0000","42602","Nitrogen dioxide (NO2)","46700","Vallejo-Fairfield, CA","06","California","095","Solano","38.102507","-122.237976"
"05/27/2013","AQS","060950004","1","4.6","ppb","4","Vallejo","23","96.0000","42602","Nitrogen dioxide (NO2)","46700","Vallejo-Fairfield, CA","06","California","095","Solano","38.102507","-122.237976"
"05/28/2013","AQS","060950004","1","6.6","ppb","6","Vallejo","23","96.0000","42602","Nitrogen dioxide (NO2)","46700","Vallejo-Fairfield, CA","06","California","095","Solano","38.102507","-122.237976"
"05/29/2013","AQS","060950004","1","2.9","ppb","2","Vallejo","22","92.0000","42602","Nitrogen dioxide (NO2)","46700","Vallejo-Fairfield, CA","06","California","095","Solano","38.102507","-122.237976"
"05/30/2013","AQS","060950004","1","8","ppb","8","Vallejo","23","96.0000","42602","Nitrogen dioxide (NO2)","46700","Vallejo-Fairfield, CA","06","California","095","Solano","38.102507","-122.237976"
"05/31/2013","AQS","060950004","1","14","ppb","13","Vallejo","23","96.0000","42602","Nitrogen dioxide (NO2)","46700","Vallejo-Fairfield, CA","06","California","095","Solano","38.102507","-122.237976"
"06/01/2013","AQS","060950004","1","12.7","ppb","11","Vallejo","23","96.0000","42602","Nitrogen dioxide (NO2)","46700","Vallejo-Fairfield, CA","06","California","095","Solano","38.102507","-122.237976"
"06/02/2013","AQS","060950004","1","11.7","ppb","10","Vallejo","23","96.0000","42602","Nitrogen dioxide (NO2)","46700","Vallejo-Fairfield, CA","06","California","095","Solano","38.102507","-122.237976"
"06/03/2013","AQS","060950004","1","7.9","ppb","7","Vallejo","23","96.0000","42602","Nitrogen dioxide (NO2)","46700","Vallejo-Fairfield, CA","06","California","095","Solano","38.102507","-122.237976"
"06/04/2013","AQS","060950004","1","4.1","ppb","4","Vallejo","23","96.0000","42602","Nitrogen dioxide (NO2)","46700","Vallejo-Fairfield, CA","06","California","095","Solano","38.102507","-122.237976"
"06/05/2013","AQS","060950004","1","5.8","ppb","5","Vallejo","23","96.0000","42602","Nitrogen dioxide (NO2)","46700","Vallejo-Fairfield, CA","06","California","095","Solano","38.102507","-122.237976"
"06/06/2013","AQS","060950004","1","6.4","ppb","6","Vallejo","23","96.0000","42602","Nitrogen dioxide (NO2)","46700","Vallejo-Fairfield, CA","06","California","095","Solano","38.102507","-122.237976"
"06/07/2013","AQS","060950004","1","12.9","ppb","11","Vallejo","23","96.0000","42602","Nitrogen dioxide (NO2)","46700","Vallejo-Fairfield, CA","06","California","095","Solano","38.102507","-122.237976"
"06/08/2013","AQS","060950004","1","7.5","ppb","7","Vallejo","23","96.0000","42602","Nitrogen dioxide (NO2)","46700","Vallejo-Fairfield, CA","06","California","095","Solano","38.102507","-122.237976"
"06/09/2013","AQS","060950004","1","2.2","ppb","2","Vallejo","23","96.0000","42602","Nitrogen dioxide (NO2)","46700","Vallejo-Fairfield, CA","06","California","095","Solano","38.102507","-122.237976"
"06/10/2013","AQS","060950004","1","5.9","ppb","5","Vallejo","23","96.0000","42602","Nitrogen dioxide (NO2)","46700","Vallejo-Fairfield, CA","06","California","095","Solano","38.102507","-122.237976"
"06/11/2013","AQS","060950004","1","13.5","ppb","12","Vallejo","23","96.0000","42602","Nitrogen dioxide (NO2)","46700","Vallejo-Fairfield, CA","06","California","095","Solano","38.102507","-122.237976"
"06/12/2013","AQS","060950004","1","10.6","ppb","9","Vallejo","23","96.0000","42602","Nitrogen dioxide (NO2)","46700","Vallejo-Fairfield, CA","06","California","095","Solano","38.102507","-122.237976"
"06/13/2013","AQS","060950004","1","6.9","ppb","6","Vallejo","23","96.0000","42602","Nitrogen dioxide (NO2)","46700","Vallejo-Fairfield, CA","06","California","095","Solano","38.102507","-122.237976"
"06/14/2013","AQS","060950004","1","7.8","ppb","7","Vallejo","23","96.0000","42602","Nitrogen dioxide (NO2)","46700","Vallejo-Fairfield, CA","06","California","095","Solano","38.102507","-122.237976"
"06/15/2013","AQS","060950004","1","5.4","ppb","5","Vallejo","23","96.0000","42602","Nitrogen dioxide (NO2)","46700","Vallejo-Fairfield, CA","06","California","095","Solano","38.102507","-122.237976"
"06/16/2013","AQS","060950004","1","5.1","ppb","5","Vallejo","23","96.0000","42602","Nitrogen dioxide (NO2)","46700","Vallejo-Fairfield, CA","06","California","095","Solano","38.102507","-122.237976"
"06/17/2013","AQS","060950004","1","6.8","ppb","6","Vallejo","23","96.0000","42602","Nitrogen dioxide (NO2)","46700","Vallejo-Fairfield, CA","06","California","095","Solano","38.102507","-122.237976"
"06/18/2013","AQS","060950004","1","5.6","ppb","5","Vallejo","23","96.0000","42602","Nitrogen dioxide (NO2)","46700","Vallejo-Fairfield, CA","06","California","095","Solano","38.102507","-122.237976"
"06/19/2013","AQS","060950004","1","6","ppb","6","Vallejo","23","96.0000","42602","Nitrogen dioxide (NO2)","46700","Vallejo-Fairfield, CA","06","California","095","Solano","38.102507","-122.237976"
"06/20/2013","AQS","060950004","1","9.9","ppb","8","Vallejo","23","96.0000","42602","Nitrogen dioxide (NO2)","46700","Vallejo-Fairfield, CA","06","California","095","Solano","38.102507","-122.237976"
"06/21/2013","AQS","060950004","1","14.6","ppb","13","Vallejo","23","96.0000","42602","Nitrogen dioxide (NO2)","46700","Vallejo-Fairfield, CA","06","California","095","Solano","38.102507","-122.237976"
"06/22/2013","AQS","060950004","1","10.1","ppb","9","Vallejo","23","96.0000","42602","Nitrogen dioxide (NO2)","46700","Vallejo-Fairfield, CA","06","California","095","Solano","38.102507","-122.237976"
"06/23/2013","AQS","060950004","1","8.3","ppb","8","Vallejo","23","96.0000","42602","Nitrogen dioxide (NO2)","46700","Vallejo-Fairfield, CA","06","California","095","Solano","38.102507","-122.237976"
"06/24/2013","AQS","060950004","1","8.2","ppb","8","Vallejo","23","96.0000","42602","Nitrogen dioxide (NO2)","46700","Vallejo-Fairfield, CA","06","California","095","Solano","38.102507","-122.237976"
"06/25/2013","AQS","060950004","1","9.8","ppb","8","Vallejo","23","96.0000","42602","Nitrogen dioxide (NO2)","46700","Vallejo-Fairfield, CA","06","California","095","Solano","38.102507","-122.237976"
"06/26/2013","AQS","060950004","1","5.2","ppb","5","Vallejo","23","96.0000","42602","Nitrogen dioxide (NO2)","46700","Vallejo-Fairfield, CA","06","California","095","Solano","38.102507","-122.237976"
"06/27/2013","AQS","060950004","1","9.6","ppb","8","Vallejo","23","96.0000","42602","Nitrogen dioxide (NO2)","46700","Vallejo-Fairfield, CA","06","California","095","Solano","38.102507","-122.237976"
"06/28/2013","AQS","060950004","1","15.2","ppb","14","Vallejo","23","96.0000","42602","Nitrogen dioxide (NO2)","46700","Vallejo-Fairfield, CA","06","California","095","Solano","38.102507","-122.237976"
"06/29/2013","AQS","060950004","1","14.6","ppb","13","Vallejo","23","96.0000","42602","Nitrogen dioxide (NO2)","46700","Vallejo-Fairfield, CA","06","California","095","Solano","38.102507","-122.237976"
"06/30/2013","AQS","060950004","1","11.9","ppb","10","Vallejo","23","96.0000","42602","Nitrogen dioxide (NO2)","46700","Vallejo-Fairfield, CA","06","California","095","Solano","38.102507","-122.237976"
"07/01/2013","AQS","060950004","1","10.5","ppb","9","Vallejo","23","96.0000","42602","Nitrogen dioxide (NO2)","46700","Vallejo-Fairfield, CA","06","California","095","Solano","38.102507","-122.237976"
"07/02/2013","AQS","060950004","1","8.9","ppb","8","Vallejo","23","96.0000","42602","Nitrogen dioxide (NO2)","46700","Vallejo-Fairfield, CA","06","California","095","Solano","38.102507","-122.237976"
"07/03/2013","AQS","060950004","1","8","ppb","8","Vallejo","23","96.0000","42602","Nitrogen dioxide (NO2)","46700","Vallejo-Fairfield, CA","06","California","095","Solano","38.102507","-122.237976"
"07/04/2013","AQS","060950004","1","11.8","ppb","10","Vallejo","23","96.0000","42602","Nitrogen dioxide (NO2)","46700","Vallejo-Fairfield, CA","06","California","095","Solano","38.102507","-122.237976"
"07/05/2013","AQS","060950004","1","7.4","ppb","7","Vallejo","23","96.0000","42602","Nitrogen dioxide (NO2)","46700","Vallejo-Fairfield, CA","06","California","095","Solano","38.102507","-122.237976"
"07/06/2013","AQS","060950004","1","5","ppb","5","Vallejo","23","96.0000","42602","Nitrogen dioxide (NO2)","46700","Vallejo-Fairfield, CA","06","California","095","Solano","38.102507","-122.237976"
"07/07/2013","AQS","060950004","1","5","ppb","5","Vallejo","23","96.0000","42602","Nitrogen dioxide (NO2)","46700","Vallejo-Fairfield, CA","06","California","095","Solano","38.102507","-122.237976"
"07/08/2013","AQS","060950004","1","7.7","ppb","7","Vallejo","23","96.0000","42602","Nitrogen dioxide (NO2)","46700","Vallejo-Fairfield, CA","06","California","095","Solano","38.102507","-122.237976"
"07/09/2013","AQS","060950004","1","10","ppb","9","Vallejo","23","96.0000","42602","Nitrogen dioxide (NO2)","46700","Vallejo-Fairfield, CA","06","California","095","Solano","38.102507","-122.237976"
"07/10/2013","AQS","060950004","1","6.7","ppb","6","Vallejo","23","96.0000","42602","Nitrogen dioxide (NO2)","46700","Vallejo-Fairfield, CA","06","California","095","Solano","38.102507","-122.237976"
"07/11/2013","AQS","060950004","1","6.5","ppb","6","Vallejo","23","96.0000","42602","Nitrogen dioxide (NO2)","46700","Vallejo-Fairfield, CA","06","California","095","Solano","38.102507","-122.237976"
"07/12/2013","AQS","060950004","1","5.8","ppb","5","Vallejo","23","96.0000","42602","Nitrogen dioxide (NO2)","46700","Vallejo-Fairfield, CA","06","California","095","Solano","38.102507","-122.237976"
"07/13/2013","AQS","060950004","1","7.6","ppb","7","Vallejo","23","96.0000","42602","Nitrogen dioxide (NO2)","46700","Vallejo-Fairfield, CA","06","California","095","Solano","38.102507","-122.237976"
"07/14/2013","AQS","060950004","1","5.3","ppb","5","Vallejo","23","96.0000","42602","Nitrogen dioxide (NO2)","46700","Vallejo-Fairfield, CA","06","California","095","Solano","38.102507","-122.237976"
"07/15/2013","AQS","060950004","1","4.5","ppb","4","Vallejo","23","96.0000","42602","Nitrogen dioxide (NO2)","46700","Vallejo-Fairfield, CA","06","California","095","Solano","38.102507","-122.237976"
"07/16/2013","AQS","060950004","1","4.2","ppb","4","Vallejo","23","96.0000","42602","Nitrogen dioxide (NO2)","46700","Vallejo-Fairfield, CA","06","California","095","Solano","38.102507","-122.237976"
"07/17/2013","AQS","060950004","1","5.5","ppb","5","Vallejo","22","92.0000","42602","Nitrogen dioxide (NO2)","46700","Vallejo-Fairfield, CA","06","California","095","Solano","38.102507","-122.237976"
"07/18/2013","AQS","060950004","1","7.9","ppb","7","Vallejo","23","96.0000","42602","Nitrogen dioxide (NO2)","46700","Vallejo-Fairfield, CA","06","California","095","Solano","38.102507","-122.237976"
"07/19/2013","AQS","060950004","1","7.3","ppb","7","Vallejo","23","96.0000","42602","Nitrogen dioxide (NO2)","46700","Vallejo-Fairfield, CA","06","California","095","Solano","38.102507","-122.237976"
"07/20/2013","AQS","060950004","1","5.5","ppb","5","Vallejo","23","96.0000","42602","Nitrogen dioxide (NO2)","46700","Vallejo-Fairfield, CA","06","California","095","Solano","38.102507","-122.237976"
"07/21/2013","AQS","060950004","1","6.4","ppb","6","Vallejo","23","96.0000","42602","Nitrogen dioxide (NO2)","46700","Vallejo-Fairfield, CA","06","California","095","Solano","38.102507","-122.237976"
"07/22/2013","AQS","060950004","1","7.7","ppb","7","Vallejo","23","96.0000","42602","Nitrogen dioxide (NO2)","46700","Vallejo-Fairfield, CA","06","California","095","Solano","38.102507","-122.237976"
"07/23/2013","AQS","060950004","1","12","ppb","11","Vallejo","23","96.0000","42602","Nitrogen dioxide (NO2)","46700","Vallejo-Fairfield, CA","06","California","095","Solano","38.102507","-122.237976"
"07/24/2013","AQS","060950004","1","12.9","ppb","11","Vallejo","23","96.0000","42602","Nitrogen dioxide (NO2)","46700","Vallejo-Fairfield, CA","06","California","095","Solano","38.102507","-122.237976"
"07/25/2013","AQS","060950004","1","7.2","ppb","7","Vallejo","23","96.0000","42602","Nitrogen dioxide (NO2)","46700","Vallejo-Fairfield, CA","06","California","095","Solano","38.102507","-122.237976"
"07/26/2013","AQS","060950004","1","6.5","ppb","6","Vallejo","23","96.0000","42602","Nitrogen dioxide (NO2)","46700","Vallejo-Fairfield, CA","06","California","095","Solano","38.102507","-122.237976"
"07/27/2013","AQS","060950004","1","5.4","ppb","5","Vallejo","23","96.0000","42602","Nitrogen dioxide (NO2)","46700","Vallejo-Fairfield, CA","06","California","095","Solano","38.102507","-122.237976"
"07/28/2013","AQS","060950004","1","4.9","ppb","4","Vallejo","23","96.0000","42602","Nitrogen dioxide (NO2)","46700","Vallejo-Fairfield, CA","06","California","095","Solano","38.102507","-122.237976"
"07/29/2013","AQS","060950004","1","4.3","ppb","4","Vallejo","20","83.0000","42602","Nitrogen dioxide (NO2)","46700","Vallejo-Fairfield, CA","06","California","095","Solano","38.102507","-122.237976"
"07/30/2013","AQS","060950004","1","6.1","ppb","6","Vallejo","23","96.0000","42602","Nitrogen dioxide (NO2)","46700","Vallejo-Fairfield, CA","06","California","095","Solano","38.102507","-122.237976"
"07/31/2013","AQS","060950004","1","7.6","ppb","7","Vallejo","23","96.0000","42602","Nitrogen dioxide (NO2)","46700","Vallejo-Fairfield, CA","06","California","095","Solano","38.102507","-122.237976"
"08/01/2013","AQS","060950004","1","10.8","ppb","9","Vallejo","23","96.0000","42602","Nitrogen dioxide (NO2)","46700","Vallejo-Fairfield, CA","06","California","095","Solano","38.102507","-122.237976"
"08/02/2013","AQS","060950004","1","9.4","ppb","8","Vallejo","23","96.0000","42602","Nitrogen dioxide (NO2)","46700","Vallejo-Fairfield, CA","06","California","095","Solano","38.102507","-122.237976"
"08/03/2013","AQS","060950004","1","4.9","ppb","4","Vallejo","23","96.0000","42602","Nitrogen dioxide (NO2)","46700","Vallejo-Fairfield, CA","06","California","095","Solano","38.102507","-122.237976"
"08/04/2013","AQS","060950004","1","4","ppb","4","Vallejo","23","96.0000","42602","Nitrogen dioxide (NO2)","46700","Vallejo-Fairfield, CA","06","California","095","Solano","38.102507","-122.237976"
"08/05/2013","AQS","060950004","1","6.1","ppb","6","Vallejo","23","96.0000","42602","Nitrogen dioxide (NO2)","46700","Vallejo-Fairfield, CA","06","California","095","Solano","38.102507","-122.237976"
"08/06/2013","AQS","060950004","1","4.5","ppb","4","Vallejo","23","96.0000","42602","Nitrogen dioxide (NO2)","46700","Vallejo-Fairfield, CA","06","California","095","Solano","38.102507","-122.237976"
"08/07/2013","AQS","060950004","1","4.7","ppb","4","Vallejo","23","96.0000","42602","Nitrogen dioxide (NO2)","46700","Vallejo-Fairfield, CA","06","California","095","Solano","38.102507","-122.237976"
"08/08/2013","AQS","060950004","1","4.7","ppb","4","Vallejo","23","96.0000","42602","Nitrogen dioxide (NO2)","46700","Vallejo-Fairfield, CA","06","California","095","Solano","38.102507","-122.237976"
"08/09/2013","AQS","060950004","1","4.1","ppb","4","Vallejo","23","96.0000","42602","Nitrogen dioxide (NO2)","46700","Vallejo-Fairfield, CA","06","California","095","Solano","38.102507","-122.237976"
"08/10/2013","AQS","060950004","1","3.4","ppb","3","Vallejo","23","96.0000","42602","Nitrogen dioxide (NO2)","46700","Vallejo-Fairfield, CA","06","California","095","Solano","38.102507","-122.237976"
"08/11/2013","AQS","060950004","1","5.3","ppb","5","Vallejo","23","96.0000","42602","Nitrogen dioxide (NO2)","46700","Vallejo-Fairfield, CA","06","California","095","Solano","38.102507","-122.237976"
"08/12/2013","AQS","060950004","1","8.1","ppb","8","Vallejo","23","96.0000","42602","Nitrogen dioxide (NO2)","46700","Vallejo-Fairfield, CA","06","California","095","Solano","38.102507","-122.237976"
"08/13/2013","AQS","060950004","1","11.8","ppb","10","Vallejo","23","96.0000","42602","Nitrogen dioxide (NO2)","46700","Vallejo-Fairfield, CA","06","California","095","Solano","38.102507","-122.237976"
"08/14/2013","AQS","060950004","1","11.4","ppb","10","Vallejo","23","96.0000","42602","Nitrogen dioxide (NO2)","46700","Vallejo-Fairfield, CA","06","California","095","Solano","38.102507","-122.237976"
"08/15/2013","AQS","060950004","1","7.1","ppb","7","Vallejo","23","96.0000","42602","Nitrogen dioxide (NO2)","46700","Vallejo-Fairfield, CA","06","California","095","Solano","38.102507","-122.237976"
"08/16/2013","AQS","060950004","1","9.7","ppb","8","Vallejo","23","96.0000","42602","Nitrogen dioxide (NO2)","46700","Vallejo-Fairfield, CA","06","California","095","Solano","38.102507","-122.237976"
"08/17/2013","AQS","060950004","1","9.5","ppb","8","Vallejo","23","96.0000","42602","Nitrogen dioxide (NO2)","46700","Vallejo-Fairfield, CA","06","California","095","Solano","38.102507","-122.237976"
"08/18/2013","AQS","060950004","1","12.9","ppb","11","Vallejo","23","96.0000","42602","Nitrogen dioxide (NO2)","46700","Vallejo-Fairfield, CA","06","California","095","Solano","38.102507","-122.237976"
"08/19/2013","AQS","060950004","1","14.1","ppb","13","Vallejo","21","88.0000","42602","Nitrogen dioxide (NO2)","46700","Vallejo-Fairfield, CA","06","California","095","Solano","38.102507","-122.237976"
"08/20/2013","AQS","060950004","1","5.7","ppb","5","Vallejo","23","96.0000","42602","Nitrogen dioxide (NO2)","46700","Vallejo-Fairfield, CA","06","California","095","Solano","38.102507","-122.237976"
"08/21/2013","AQS","060950004","1","7.3","ppb","7","Vallejo","23","96.0000","42602","Nitrogen dioxide (NO2)","46700","Vallejo-Fairfield, CA","06","California","095","Solano","38.102507","-122.237976"
"08/22/2013","AQS","060950004","1","4.1","ppb","4","Vallejo","23","96.0000","42602","Nitrogen dioxide (NO2)","46700","Vallejo-Fairfield, CA","06","California","095","Solano","38.102507","-122.237976"
"08/23/2013","AQS","060950004","1","11.8","ppb","10","Vallejo","23","96.0000","42602","Nitrogen dioxide (NO2)","46700","Vallejo-Fairfield, CA","06","California","095","Solano","38.102507","-122.237976"
"08/24/2013","AQS","060950004","1","5.5","ppb","5","Vallejo","23","96.0000","42602","Nitrogen dioxide (NO2)","46700","Vallejo-Fairfield, CA","06","California","095","Solano","38.102507","-122.237976"
"08/25/2013","AQS","060950004","1","6.3","ppb","6","Vallejo","23","96.0000","42602","Nitrogen dioxide (NO2)","46700","Vallejo-Fairfield, CA","06","California","095","Solano","38.102507","-122.237976"
"08/26/2013","AQS","060950004","1","7.6","ppb","7","Vallejo","23","96.0000","42602","Nitrogen dioxide (NO2)","46700","Vallejo-Fairfield, CA","06","California","095","Solano","38.102507","-122.237976"
"08/27/2013","AQS","060950004","1","10.3","ppb","9","Vallejo","23","96.0000","42602","Nitrogen dioxide (NO2)","46700","Vallejo-Fairfield, CA","06","California","095","Solano","38.102507","-122.237976"
"08/28/2013","AQS","060950004","1","9","ppb","8","Vallejo","23","96.0000","42602","Nitrogen dioxide (NO2)","46700","Vallejo-Fairfield, CA","06","California","095","Solano","38.102507","-122.237976"
"08/29/2013","AQS","060950004","1","10","ppb","9","Vallejo","23","96.0000","42602","Nitrogen dioxide (NO2)","46700","Vallejo-Fairfield, CA","06","California","095","Solano","38.102507","-122.237976"
"08/30/2013","AQS","060950004","1","13.7","ppb","12","Vallejo","23","96.0000","42602","Nitrogen dioxide (NO2)","46700","Vallejo-Fairfield, CA","06","California","095","Solano","38.102507","-122.237976"
"08/31/2013","AQS","060950004","1","11.9","ppb","10","Vallejo","23","96.0000","42602","Nitrogen dioxide (NO2)","46700","Vallejo-Fairfield, CA","06","California","095","Solano","38.102507","-122.237976"
"09/01/2013","AQS","060950004","1","6","ppb","6","Vallejo","19","79.0000","42602","Nitrogen dioxide (NO2)","46700","Vallejo-Fairfield, CA","06","California","095","Solano","38.102507","-122.237976"
"09/02/2013","AQS","060950004","1","4.7","ppb","4","Vallejo","23","96.0000","42602","Nitrogen dioxide (NO2)","46700","Vallejo-Fairfield, CA","06","California","095","Solano","38.102507","-122.237976"
"09/03/2013","AQS","060950004","1","8.8","ppb","8","Vallejo","23","96.0000","42602","Nitrogen dioxide (NO2)","46700","Vallejo-Fairfield, CA","06","California","095","Solano","38.102507","-122.237976"
"09/04/2013","AQS","060950004","1","5.7","ppb","5","Vallejo","23","96.0000","42602","Nitrogen dioxide (NO2)","46700","Vallejo-Fairfield, CA","06","California","095","Solano","38.102507","-122.237976"
"09/05/2013","AQS","060950004","1","5.5","ppb","5","Vallejo","23","96.0000","42602","Nitrogen dioxide (NO2)","46700","Vallejo-Fairfield, CA","06","California","095","Solano","38.102507","-122.237976"
"09/06/2013","AQS","060950004","1","31","ppb","29","Vallejo","23","96.0000","42602","Nitrogen dioxide (NO2)","46700","Vallejo-Fairfield, CA","06","California","095","Solano","38.102507","-122.237976"
"09/07/2013","AQS","060950004","1","26.7","ppb","25","Vallejo","23","96.0000","42602","Nitrogen dioxide (NO2)","46700","Vallejo-Fairfield, CA","06","California","095","Solano","38.102507","-122.237976"
"09/08/2013","AQS","060950004","1","9.3","ppb","8","Vallejo","23","96.0000","42602","Nitrogen dioxide (NO2)","46700","Vallejo-Fairfield, CA","06","California","095","Solano","38.102507","-122.237976"
"09/09/2013","AQS","060950004","1","12.8","ppb","11","Vallejo","23","96.0000","42602","Nitrogen dioxide (NO2)","46700","Vallejo-Fairfield, CA","06","California","095","Solano","38.102507","-122.237976"
"09/10/2013","AQS","060950004","1","4.8","ppb","4","Vallejo","23","96.0000","42602","Nitrogen dioxide (NO2)","46700","Vallejo-Fairfield, CA","06","California","095","Solano","38.102507","-122.237976"
"09/11/2013","AQS","060950004","1","4.9","ppb","4","Vallejo","23","96.0000","42602","Nitrogen dioxide (NO2)","46700","Vallejo-Fairfield, CA","06","California","095","Solano","38.102507","-122.237976"
"09/12/2013","AQS","060950004","1","6.8","ppb","6","Vallejo","23","96.0000","42602","Nitrogen dioxide (NO2)","46700","Vallejo-Fairfield, CA","06","California","095","Solano","38.102507","-122.237976"
"09/13/2013","AQS","060950004","1","8.6","ppb","8","Vallejo","23","96.0000","42602","Nitrogen dioxide (NO2)","46700","Vallejo-Fairfield, CA","06","California","095","Solano","38.102507","-122.237976"
"09/14/2013","AQS","060950004","1","5.3","ppb","5","Vallejo","23","96.0000","42602","Nitrogen dioxide (NO2)","46700","Vallejo-Fairfield, CA","06","California","095","Solano","38.102507","-122.237976"
"09/15/2013","AQS","060950004","1","3.6","ppb","3","Vallejo","23","96.0000","42602","Nitrogen dioxide (NO2)","46700","Vallejo-Fairfield, CA","06","California","095","Solano","38.102507","-122.237976"
"09/16/2013","AQS","060950004","1","10.9","ppb","9","Vallejo","23","96.0000","42602","Nitrogen dioxide (NO2)","46700","Vallejo-Fairfield, CA","06","California","095","Solano","38.102507","-122.237976"
"09/17/2013","AQS","060950004","1","4.9","ppb","4","Vallejo","23","96.0000","42602","Nitrogen dioxide (NO2)","46700","Vallejo-Fairfield, CA","06","California","095","Solano","38.102507","-122.237976"
"09/18/2013","AQS","060950004","1","25.2","ppb","24","Vallejo","21","88.0000","42602","Nitrogen dioxide (NO2)","46700","Vallejo-Fairfield, CA","06","California","095","Solano","38.102507","-122.237976"
"09/19/2013","AQS","060950004","1","19.1","ppb","18","Vallejo","22","92.0000","42602","Nitrogen dioxide (NO2)","46700","Vallejo-Fairfield, CA","06","California","095","Solano","38.102507","-122.237976"
"09/20/2013","AQS","060950004","1","10.4","ppb","9","Vallejo","23","96.0000","42602","Nitrogen dioxide (NO2)","46700","Vallejo-Fairfield, CA","06","California","095","Solano","38.102507","-122.237976"
"09/21/2013","AQS","060950004","1","6.8","ppb","6","Vallejo","23","96.0000","42602","Nitrogen dioxide (NO2)","46700","Vallejo-Fairfield, CA","06","California","095","Solano","38.102507","-122.237976"
"09/22/2013","AQS","060950004","1","15.4","ppb","14","Vallejo","23","96.0000","42602","Nitrogen dioxide (NO2)","46700","Vallejo-Fairfield, CA","06","California","095","Solano","38.102507","-122.237976"
"09/23/2013","AQS","060950004","1","17.4","ppb","16","Vallejo","23","96.0000","42602","Nitrogen dioxide (NO2)","46700","Vallejo-Fairfield, CA","06","California","095","Solano","38.102507","-122.237976"
"09/24/2013","AQS","060950004","1","11","ppb","10","Vallejo","20","83.0000","42602","Nitrogen dioxide (NO2)","46700","Vallejo-Fairfield, CA","06","California","095","Solano","38.102507","-122.237976"
"09/25/2013","AQS","060950004","1","7.5","ppb","7","Vallejo","23","96.0000","42602","Nitrogen dioxide (NO2)","46700","Vallejo-Fairfield, CA","06","California","095","Solano","38.102507","-122.237976"
"09/26/2013","AQS","060950004","1","25.2","ppb","24","Vallejo","23","96.0000","42602","Nitrogen dioxide (NO2)","46700","Vallejo-Fairfield, CA","06","California","095","Solano","38.102507","-122.237976"
"09/27/2013","AQS","060950004","1","29.1","ppb","27","Vallejo","23","96.0000","42602","Nitrogen dioxide (NO2)","46700","Vallejo-Fairfield, CA","06","California","095","Solano","38.102507","-122.237976"
"09/28/2013","AQS","060950004","1","20","ppb","19","Vallejo","23","96.0000","42602","Nitrogen dioxide (NO2)","46700","Vallejo-Fairfield, CA","06","California","095","Solano","38.102507","-122.237976"
"09/29/2013","AQS","060950004","1","9.5","ppb","8","Vallejo","23","96.0000","42602","Nitrogen dioxide (NO2)","46700","Vallejo-Fairfield, CA","06","California","095","Solano","38.102507","-122.237976"
"09/30/2013","AQS","060950004","1","10.7","ppb","9","Vallejo","23","96.0000","42602","Nitrogen dioxide (NO2)","46700","Vallejo-Fairfield, CA","06","California","095","Solano","38.102507","-122.237976"
"10/01/2013","AQS","060950004","1","20.3","ppb","19","Vallejo","23","96.0000","42602","Nitrogen dioxide (NO2)","46700","Vallejo-Fairfield, CA","06","California","095","Solano","38.102507","-122.237976"
"10/03/2013","AQS","060950004","1","24.2","ppb","23","Vallejo","23","96.0000","42602","Nitrogen dioxide (NO2)","46700","Vallejo-Fairfield, CA","06","California","095","Solano","38.102507","-122.237976"
"10/04/2013","AQS","060950004","1","38.6","ppb","36","Vallejo","23","96.0000","42602","Nitrogen dioxide (NO2)","46700","Vallejo-Fairfield, CA","06","California","095","Solano","38.102507","-122.237976"
"10/05/2013","AQS","060950004","1","40.8","ppb","38","Vallejo","23","96.0000","42602","Nitrogen dioxide (NO2)","46700","Vallejo-Fairfield, CA","06","California","095","Solano","38.102507","-122.237976"
"10/06/2013","AQS","060950004","1","45.7","ppb","42","Vallejo","23","96.0000","42602","Nitrogen dioxide (NO2)","46700","Vallejo-Fairfield, CA","06","California","095","Solano","38.102507","-122.237976"
"10/07/2013","AQS","060950004","1","38.3","ppb","36","Vallejo","22","92.0000","42602","Nitrogen dioxide (NO2)","46700","Vallejo-Fairfield, CA","06","California","095","Solano","38.102507","-122.237976"
"10/08/2013","AQS","060950004","1","27.4","ppb","25","Vallejo","23","96.0000","42602","Nitrogen dioxide (NO2)","46700","Vallejo-Fairfield, CA","06","California","095","Solano","38.102507","-122.237976"
"10/09/2013","AQS","060950004","1","27.7","ppb","25","Vallejo","22","92.0000","42602","Nitrogen dioxide (NO2)","46700","Vallejo-Fairfield, CA","06","California","095","Solano","38.102507","-122.237976"
"10/10/2013","AQS","060950004","1","26.2","ppb","25","Vallejo","23","96.0000","42602","Nitrogen dioxide (NO2)","46700","Vallejo-Fairfield, CA","06","California","095","Solano","38.102507","-122.237976"
"10/11/2013","AQS","060950004","1","11.5","ppb","10","Vallejo","23","96.0000","42602","Nitrogen dioxide (NO2)","46700","Vallejo-Fairfield, CA","06","California","095","Solano","38.102507","-122.237976"
"10/12/2013","AQS","060950004","1","10.4","ppb","9","Vallejo","23","96.0000","42602","Nitrogen dioxide (NO2)","46700","Vallejo-Fairfield, CA","06","California","095","Solano","38.102507","-122.237976"
"10/13/2013","AQS","060950004","1","24.1","ppb","23","Vallejo","23","96.0000","42602","Nitrogen dioxide (NO2)","46700","Vallejo-Fairfield, CA","06","California","095","Solano","38.102507","-122.237976"
"10/14/2013","AQS","060950004","1","30.9","ppb","28","Vallejo","23","96.0000","42602","Nitrogen dioxide (NO2)","46700","Vallejo-Fairfield, CA","06","California","095","Solano","38.102507","-122.237976"
"10/15/2013","AQS","060950004","1","33","ppb","31","Vallejo","23","96.0000","42602","Nitrogen dioxide (NO2)","46700","Vallejo-Fairfield, CA","06","California","095","Solano","38.102507","-122.237976"
"10/16/2013","AQS","060950004","1","42","ppb","40","Vallejo","23","96.0000","42602","Nitrogen dioxide (NO2)","46700","Vallejo-Fairfield, CA","06","California","095","Solano","38.102507","-122.237976"
"10/17/2013","AQS","060950004","1","35.9","ppb","33","Vallejo","23","96.0000","42602","Nitrogen dioxide (NO2)","46700","Vallejo-Fairfield, CA","06","California","095","Solano","38.102507","-122.237976"
"10/18/2013","AQS","060950004","1","30.8","ppb","28","Vallejo","23","96.0000","42602","Nitrogen dioxide (NO2)","46700","Vallejo-Fairfield, CA","06","California","095","Solano","38.102507","-122.237976"
"10/19/2013","AQS","060950004","1","25.1","ppb","24","Vallejo","23","96.0000","42602","Nitrogen dioxide (NO2)","46700","Vallejo-Fairfield, CA","06","California","095","Solano","38.102507","-122.237976"
"10/20/2013","AQS","060950004","1","12.8","ppb","11","Vallejo","23","96.0000","42602","Nitrogen dioxide (NO2)","46700","Vallejo-Fairfield, CA","06","California","095","Solano","38.102507","-122.237976"
"10/21/2013","AQS","060950004","1","21","ppb","20","Vallejo","23","96.0000","42602","Nitrogen dioxide (NO2)","46700","Vallejo-Fairfield, CA","06","California","095","Solano","38.102507","-122.237976"
"10/22/2013","AQS","060950004","1","23.6","ppb","22","Vallejo","23","96.0000","42602","Nitrogen dioxide (NO2)","46700","Vallejo-Fairfield, CA","06","California","095","Solano","38.102507","-122.237976"
"10/23/2013","AQS","060950004","1","15.7","ppb","14","Vallejo","23","96.0000","42602","Nitrogen dioxide (NO2)","46700","Vallejo-Fairfield, CA","06","California","095","Solano","38.102507","-122.237976"
"10/24/2013","AQS","060950004","1","13.4","ppb","12","Vallejo","23","96.0000","42602","Nitrogen dioxide (NO2)","46700","Vallejo-Fairfield, CA","06","California","095","Solano","38.102507","-122.237976"
"10/25/2013","AQS","060950004","1","28","ppb","26","Vallejo","23","96.0000","42602","Nitrogen dioxide (NO2)","46700","Vallejo-Fairfield, CA","06","California","095","Solano","38.102507","-122.237976"
"10/26/2013","AQS","060950004","1","23.3","ppb","22","Vallejo","23","96.0000","42602","Nitrogen dioxide (NO2)","46700","Vallejo-Fairfield, CA","06","California","095","Solano","38.102507","-122.237976"
"10/27/2013","AQS","060950004","1","6.6","ppb","6","Vallejo","21","88.0000","42602","Nitrogen dioxide (NO2)","46700","Vallejo-Fairfield, CA","06","California","095","Solano","38.102507","-122.237976"
"10/28/2013","AQS","060950004","1","26.7","ppb","25","Vallejo","23","96.0000","42602","Nitrogen dioxide (NO2)","46700","Vallejo-Fairfield, CA","06","California","095","Solano","38.102507","-122.237976"
"10/29/2013","AQS","060950004","1","25.1","ppb","24","Vallejo","23","96.0000","42602","Nitrogen dioxide (NO2)","46700","Vallejo-Fairfield, CA","06","California","095","Solano","38.102507","-122.237976"
"10/30/2013","AQS","060950004","1","21.2","ppb","20","Vallejo","22","92.0000","42602","Nitrogen dioxide (NO2)","46700","Vallejo-Fairfield, CA","06","California","095","Solano","38.102507","-122.237976"
"10/31/2013","AQS","060950004","1","33","ppb","31","Vallejo","23","96.0000","42602","Nitrogen dioxide (NO2)","46700","Vallejo-Fairfield, CA","06","California","095","Solano","38.102507","-122.237976"
"11/01/2013","AQS","060950004","1","39.2","ppb","37","Vallejo","23","96.0000","42602","Nitrogen dioxide (NO2)","46700","Vallejo-Fairfield, CA","06","California","095","Solano","38.102507","-122.237976"
"11/02/2013","AQS","060950004","1","32.1","ppb","30","Vallejo","23","96.0000","42602","Nitrogen dioxide (NO2)","46700","Vallejo-Fairfield, CA","06","California","095","Solano","38.102507","-122.237976"
"11/03/2013","AQS","060950004","1","26.3","ppb","25","Vallejo","23","96.0000","42602","Nitrogen dioxide (NO2)","46700","Vallejo-Fairfield, CA","06","California","095","Solano","38.102507","-122.237976"
"11/04/2013","AQS","060950004","1","33","ppb","31","Vallejo","23","96.0000","42602","Nitrogen dioxide (NO2)","46700","Vallejo-Fairfield, CA","06","California","095","Solano","38.102507","-122.237976"
"11/05/2013","AQS","060950004","1","40.1","ppb","38","Vallejo","23","96.0000","42602","Nitrogen dioxide (NO2)","46700","Vallejo-Fairfield, CA","06","California","095","Solano","38.102507","-122.237976"
"11/06/2013","AQS","060950004","1","38.6","ppb","36","Vallejo","23","96.0000","42602","Nitrogen dioxide (NO2)","46700","Vallejo-Fairfield, CA","06","California","095","Solano","38.102507","-122.237976"
"11/07/2013","AQS","060950004","1","36.3","ppb","34","Vallejo","23","96.0000","42602","Nitrogen dioxide (NO2)","46700","Vallejo-Fairfield, CA","06","California","095","Solano","38.102507","-122.237976"
"11/08/2013","AQS","060950004","1","23.4","ppb","22","Vallejo","23","96.0000","42602","Nitrogen dioxide (NO2)","46700","Vallejo-Fairfield, CA","06","California","095","Solano","38.102507","-122.237976"
"11/09/2013","AQS","060950004","1","21.8","ppb","20","Vallejo","23","96.0000","42602","Nitrogen dioxide (NO2)","46700","Vallejo-Fairfield, CA","06","California","095","Solano","38.102507","-122.237976"
"11/10/2013","AQS","060950004","1","28.6","ppb","26","Vallejo","23","96.0000","42602","Nitrogen dioxide (NO2)","46700","Vallejo-Fairfield, CA","06","California","095","Solano","38.102507","-122.237976"
"11/11/2013","AQS","060950004","1","41.5","ppb","39","Vallejo","23","96.0000","42602","Nitrogen dioxide (NO2)","46700","Vallejo-Fairfield, CA","06","California","095","Solano","38.102507","-122.237976"
"11/12/2013","AQS","060950004","1","36.9","ppb","34","Vallejo","23","96.0000","42602","Nitrogen dioxide (NO2)","46700","Vallejo-Fairfield, CA","06","California","095","Solano","38.102507","-122.237976"
"11/13/2013","AQS","060950004","1","24.7","ppb","23","Vallejo","23","96.0000","42602","Nitrogen dioxide (NO2)","46700","Vallejo-Fairfield, CA","06","California","095","Solano","38.102507","-122.237976"
"11/14/2013","AQS","060950004","1","16.9","ppb","15","Vallejo","23","96.0000","42602","Nitrogen dioxide (NO2)","46700","Vallejo-Fairfield, CA","06","California","095","Solano","38.102507","-122.237976"
"11/15/2013","AQS","060950004","1","32.9","ppb","30","Vallejo","23","96.0000","42602","Nitrogen dioxide (NO2)","46700","Vallejo-Fairfield, CA","06","California","095","Solano","38.102507","-122.237976"
"11/16/2013","AQS","060950004","1","11.7","ppb","10","Vallejo","23","96.0000","42602","Nitrogen dioxide (NO2)","46700","Vallejo-Fairfield, CA","06","California","095","Solano","38.102507","-122.237976"
"11/17/2013","AQS","060950004","1","29.5","ppb","27","Vallejo","23","96.0000","42602","Nitrogen dioxide (NO2)","46700","Vallejo-Fairfield, CA","06","California","095","Solano","38.102507","-122.237976"
"11/18/2013","AQS","060950004","1","26.4","ppb","25","Vallejo","23","96.0000","42602","Nitrogen dioxide (NO2)","46700","Vallejo-Fairfield, CA","06","California","095","Solano","38.102507","-122.237976"
"11/20/2013","AQS","060950004","1","16.3","ppb","15","Vallejo","23","96.0000","42602","Nitrogen dioxide (NO2)","46700","Vallejo-Fairfield, CA","06","California","095","Solano","38.102507","-122.237976"
"11/21/2013","AQS","060950004","1","18.9","ppb","17","Vallejo","23","96.0000","42602","Nitrogen dioxide (NO2)","46700","Vallejo-Fairfield, CA","06","California","095","Solano","38.102507","-122.237976"
"11/22/2013","AQS","060950004","1","14.5","ppb","13","Vallejo","23","96.0000","42602","Nitrogen dioxide (NO2)","46700","Vallejo-Fairfield, CA","06","California","095","Solano","38.102507","-122.237976"
"11/23/2013","AQS","060950004","1","35.2","ppb","33","Vallejo","23","96.0000","42602","Nitrogen dioxide (NO2)","46700","Vallejo-Fairfield, CA","06","California","095","Solano","38.102507","-122.237976"
"11/24/2013","AQS","060950004","1","40.6","ppb","38","Vallejo","23","96.0000","42602","Nitrogen dioxide (NO2)","46700","Vallejo-Fairfield, CA","06","California","095","Solano","38.102507","-122.237976"
"11/25/2013","AQS","060950004","1","39","ppb","37","Vallejo","23","96.0000","42602","Nitrogen dioxide (NO2)","46700","Vallejo-Fairfield, CA","06","California","095","Solano","38.102507","-122.237976"
"11/26/2013","AQS","060950004","1","31.2","ppb","29","Vallejo","23","96.0000","42602","Nitrogen dioxide (NO2)","46700","Vallejo-Fairfield, CA","06","California","095","Solano","38.102507","-122.237976"
"11/27/2013","AQS","060950004","1","21.8","ppb","20","Vallejo","23","96.0000","42602","Nitrogen dioxide (NO2)","46700","Vallejo-Fairfield, CA","06","California","095","Solano","38.102507","-122.237976"
"11/28/2013","AQS","060950004","1","37.4","ppb","35","Vallejo","23","96.0000","42602","Nitrogen dioxide (NO2)","46700","Vallejo-Fairfield, CA","06","California","095","Solano","38.102507","-122.237976"
"11/29/2013","AQS","060950004","1","39","ppb","37","Vallejo","23","96.0000","42602","Nitrogen dioxide (NO2)","46700","Vallejo-Fairfield, CA","06","California","095","Solano","38.102507","-122.237976"
"11/30/2013","AQS","060950004","1","37.8","ppb","35","Vallejo","23","96.0000","42602","Nitrogen dioxide (NO2)","46700","Vallejo-Fairfield, CA","06","California","095","Solano","38.102507","-122.237976"
"12/01/2013","AQS","060950004","1","36.7","ppb","34","Vallejo","23","96.0000","42602","Nitrogen dioxide (NO2)","46700","Vallejo-Fairfield, CA","06","California","095","Solano","38.102507","-122.237976"
"12/02/2013","AQS","060950004","1","30.5","ppb","28","Vallejo","23","96.0000","42602","Nitrogen dioxide (NO2)","46700","Vallejo-Fairfield, CA","06","California","095","Solano","38.102507","-122.237976"
"12/03/2013","AQS","060950004","1","38.6","ppb","36","Vallejo","23","96.0000","42602","Nitrogen dioxide (NO2)","46700","Vallejo-Fairfield, CA","06","California","095","Solano","38.102507","-122.237976"
"12/04/2013","AQS","060950004","1","39.2","ppb","37","Vallejo","22","92.0000","42602","Nitrogen dioxide (NO2)","46700","Vallejo-Fairfield, CA","06","California","095","Solano","38.102507","-122.237976"
"12/05/2013","AQS","060950004","1","49.4","ppb","46","Vallejo","23","96.0000","42602","Nitrogen dioxide (NO2)","46700","Vallejo-Fairfield, CA","06","California","095","Solano","38.102507","-122.237976"
"12/06/2013","AQS","060950004","1","42","ppb","40","Vallejo","23","96.0000","42602","Nitrogen dioxide (NO2)","46700","Vallejo-Fairfield, CA","06","California","095","Solano","38.102507","-122.237976"
"12/07/2013","AQS","060950004","1","38.2","ppb","36","Vallejo","23","96.0000","42602","Nitrogen dioxide (NO2)","46700","Vallejo-Fairfield, CA","06","California","095","Solano","38.102507","-122.237976"
"12/08/2013","AQS","060950004","1","35.6","ppb","33","Vallejo","23","96.0000","42602","Nitrogen dioxide (NO2)","46700","Vallejo-Fairfield, CA","06","California","095","Solano","38.102507","-122.237976"
"12/09/2013","AQS","060950004","1","34.7","ppb","32","Vallejo","23","96.0000","42602","Nitrogen dioxide (NO2)","46700","Vallejo-Fairfield, CA","06","California","095","Solano","38.102507","-122.237976"
"12/10/2013","AQS","060950004","1","39.8","ppb","37","Vallejo","23","96.0000","42602","Nitrogen dioxide (NO2)","46700","Vallejo-Fairfield, CA","06","California","095","Solano","38.102507","-122.237976"
"12/11/2013","AQS","060950004","1","36","ppb","34","Vallejo","23","96.0000","42602","Nitrogen dioxide (NO2)","46700","Vallejo-Fairfield, CA","06","California","095","Solano","38.102507","-122.237976"
"12/12/2013","AQS","060950004","1","41.3","ppb","39","Vallejo","23","96.0000","42602","Nitrogen dioxide (NO2)","46700","Vallejo-Fairfield, CA","06","California","095","Solano","38.102507","-122.237976"
"12/13/2013","AQS","060950004","1","39.3","ppb","37","Vallejo","23","96.0000","42602","Nitrogen dioxide (NO2)","46700","Vallejo-Fairfield, CA","06","California","095","Solano","38.102507","-122.237976"
"12/14/2013","AQS","060950004","1","40","ppb","38","Vallejo","23","96.0000","42602","Nitrogen dioxide (NO2)","46700","Vallejo-Fairfield, CA","06","California","095","Solano","38.102507","-122.237976"
"12/15/2013","AQS","060950004","1","39.9","ppb","37","Vallejo","23","96.0000","42602","Nitrogen dioxide (NO2)","46700","Vallejo-Fairfield, CA","06","California","095","Solano","38.102507","-122.237976"
"12/16/2013","AQS","060950004","1","39.3","ppb","37","Vallejo","22","92.0000","42602","Nitrogen dioxide (NO2)","46700","Vallejo-Fairfield, CA","06","California","095","Solano","38.102507","-122.237976"
"12/17/2013","AQS","060950004","1","37.3","ppb","35","Vallejo","23","96.0000","42602","Nitrogen dioxide (NO2)","46700","Vallejo-Fairfield, CA","06","California","095","Solano","38.102507","-122.237976"
"12/18/2013","AQS","060950004","1","35.9","ppb","33","Vallejo","23","96.0000","42602","Nitrogen dioxide (NO2)","46700","Vallejo-Fairfield, CA","06","California","095","Solano","38.102507","-122.237976"
"12/19/2013","AQS","060950004","1","36.2","ppb","34","Vallejo","22","92.0000","42602","Nitrogen dioxide (NO2)","46700","Vallejo-Fairfield, CA","06","California","095","Solano","38.102507","-122.237976"
"12/20/2013","AQS","060950004","1","45.5","ppb","42","Vallejo","23","96.0000","42602","Nitrogen dioxide (NO2)","46700","Vallejo-Fairfield, CA","06","California","095","Solano","38.102507","-122.237976"
"12/21/2013","AQS","060950004","1","38","ppb","36","Vallejo","23","96.0000","42602","Nitrogen dioxide (NO2)","46700","Vallejo-Fairfield, CA","06","California","095","Solano","38.102507","-122.237976"
"12/22/2013","AQS","060950004","1","44.1","ppb","42","Vallejo","23","96.0000","42602","Nitrogen dioxide (NO2)","46700","Vallejo-Fairfield, CA","06","California","095","Solano","38.102507","-122.237976"
"12/23/2013","AQS","060950004","1","41.5","ppb","39","Vallejo","23","96.0000","42602","Nitrogen dioxide (NO2)","46700","Vallejo-Fairfield, CA","06","California","095","Solano","38.102507","-122.237976"
"12/24/2013","AQS","060950004","1","39.3","ppb","37","Vallejo","23","96.0000","42602","Nitrogen dioxide (NO2)","46700","Vallejo-Fairfield, CA","06","California","095","Solano","38.102507","-122.237976"
"12/25/2013","AQS","060950004","1","40.7","ppb","38","Vallejo","23","96.0000","42602","Nitrogen dioxide (NO2)","46700","Vallejo-Fairfield, CA","06","California","095","Solano","38.102507","-122.237976"
"12/26/2013","AQS","060950004","1","37.1","ppb","35","Vallejo","23","96.0000","42602","Nitrogen dioxide (NO2)","46700","Vallejo-Fairfield, CA","06","California","095","Solano","38.102507","-122.237976"
"12/27/2013","AQS","060950004","1","36.3","ppb","34","Vallejo","23","96.0000","42602","Nitrogen dioxide (NO2)","46700","Vallejo-Fairfield, CA","06","California","095","Solano","38.102507","-122.237976"
"12/28/2013","AQS","060950004","1","39.2","ppb","37","Vallejo","23","96.0000","42602","Nitrogen dioxide (NO2)","46700","Vallejo-Fairfield, CA","06","California","095","Solano","38.102507","-122.237976"
"12/29/2013","AQS","060950004","1","36.4","ppb","34","Vallejo","23","96.0000","42602","Nitrogen dioxide (NO2)","46700","Vallejo-Fairfield, CA","06","California","095","Solano","38.102507","-122.237976"
"12/30/2013","AQS","060950004","1","40","ppb","38","Vallejo","23","96.0000","42602","Nitrogen dioxide (NO2)","46700","Vallejo-Fairfield, CA","06","California","095","Solano","38.102507","-122.237976"
"12/31/2013","AQS","060950004","1","42.8","ppb","40","Vallejo","23","96.0000","42602","Nitrogen dioxide (NO2)","46700","Vallejo-Fairfield, CA","06","California","095","Solano","38.102507","-122.237976"
