"Date","Source","Site ID","POC","Daily Max 8-hour Ozone Concentration","UNITS","DAILY_AQI_VALUE","Site Name","DAILY_OBS_COUNT","PERCENT_COMPLETE","AQS_PARAMETER_CODE","AQS_PARAMETER_DESC","CBSA_CODE","CBSA_NAME","STATE_CODE","STATE","COUNTY_CODE","COUNTY","SITE_LATITUDE","SITE_LONGITUDE"
"01/01/2014","AQS","060750005","1","0.013","ppm","12","San Francisco","17","100.0000","44201","Ozone","41860","San Francisco-Oakland-Hayward, CA","06","California","075","San Francisco","37.765946","-122.399044"
"01/02/2014","AQS","060750005","1","0.017","ppm","16","San Francisco","17","100.0000","44201","Ozone","41860","San Francisco-Oakland-Hayward, CA","06","California","075","San Francisco","37.765946","-122.399044"
"01/03/2014","AQS","060750005","1","0.013","ppm","12","San Francisco","17","100.0000","44201","Ozone","41860","San Francisco-Oakland-Hayward, CA","06","California","075","San Francisco","37.765946","-122.399044"
"01/04/2014","AQS","060750005","1","0.016","ppm","15","San Francisco","17","100.0000","44201","Ozone","41860","San Francisco-Oakland-Hayward, CA","06","California","075","San Francisco","37.765946","-122.399044"
"01/05/2014","AQS","060750005","1","0.028","ppm","26","San Francisco","17","100.0000","44201","Ozone","41860","San Francisco-Oakland-Hayward, CA","06","California","075","San Francisco","37.765946","-122.399044"
"01/06/2014","AQS","060750005","1","0.009","ppm","8","San Francisco","17","100.0000","44201","Ozone","41860","San Francisco-Oakland-Hayward, CA","06","California","075","San Francisco","37.765946","-122.399044"
"01/07/2014","AQS","060750005","1","0.021","ppm","19","San Francisco","17","100.0000","44201","Ozone","41860","San Francisco-Oakland-Hayward, CA","06","California","075","San Francisco","37.765946","-122.399044"
"01/08/2014","AQS","060750005","1","0.024","ppm","22","San Francisco","17","100.0000","44201","Ozone","41860","San Francisco-Oakland-Hayward, CA","06","California","075","San Francisco","37.765946","-122.399044"
"01/09/2014","AQS","060750005","1","0.026","ppm","24","San Francisco","17","100.0000","44201","Ozone","41860","San Francisco-Oakland-Hayward, CA","06","California","075","San Francisco","37.765946","-122.399044"
"01/10/2014","AQS","060750005","1","0.013","ppm","12","San Francisco","17","100.0000","44201","Ozone","41860","San Francisco-Oakland-Hayward, CA","06","California","075","San Francisco","37.765946","-122.399044"
"01/11/2014","AQS","060750005","1","0.024","ppm","22","San Francisco","17","100.0000","44201","Ozone","41860","San Francisco-Oakland-Hayward, CA","06","California","075","San Francisco","37.765946","-122.399044"
"01/12/2014","AQS","060750005","1","0.025","ppm","23","San Francisco","17","100.0000","44201","Ozone","41860","San Francisco-Oakland-Hayward, CA","06","California","075","San Francisco","37.765946","-122.399044"
"01/13/2014","AQS","060750005","1","0.022","ppm","20","San Francisco","17","100.0000","44201","Ozone","41860","San Francisco-Oakland-Hayward, CA","06","California","075","San Francisco","37.765946","-122.399044"
"01/14/2014","AQS","060750005","1","0.016","ppm","15","San Francisco","17","100.0000","44201","Ozone","41860","San Francisco-Oakland-Hayward, CA","06","California","075","San Francisco","37.765946","-122.399044"
"01/15/2014","AQS","060750005","1","0.019","ppm","18","San Francisco","17","100.0000","44201","Ozone","41860","San Francisco-Oakland-Hayward, CA","06","California","075","San Francisco","37.765946","-122.399044"
"01/16/2014","AQS","060750005","1","0.017","ppm","16","San Francisco","17","100.0000","44201","Ozone","41860","San Francisco-Oakland-Hayward, CA","06","California","075","San Francisco","37.765946","-122.399044"
"01/17/2014","AQS","060750005","1","0.019","ppm","18","San Francisco","17","100.0000","44201","Ozone","41860","San Francisco-Oakland-Hayward, CA","06","California","075","San Francisco","37.765946","-122.399044"
"01/18/2014","AQS","060750005","1","0.015","ppm","14","San Francisco","17","100.0000","44201","Ozone","41860","San Francisco-Oakland-Hayward, CA","06","California","075","San Francisco","37.765946","-122.399044"
"01/19/2014","AQS","060750005","1","0.027","ppm","25","San Francisco","17","100.0000","44201","Ozone","41860","San Francisco-Oakland-Hayward, CA","06","California","075","San Francisco","37.765946","-122.399044"
"01/20/2014","AQS","060750005","1","0.011","ppm","10","San Francisco","17","100.0000","44201","Ozone","41860","San Francisco-Oakland-Hayward, CA","06","California","075","San Francisco","37.765946","-122.399044"
"01/21/2014","AQS","060750005","1","0.013","ppm","12","San Francisco","17","100.0000","44201","Ozone","41860","San Francisco-Oakland-Hayward, CA","06","California","075","San Francisco","37.765946","-122.399044"
"01/22/2014","AQS","060750005","1","0.012","ppm","11","San Francisco","17","100.0000","44201","Ozone","41860","San Francisco-Oakland-Hayward, CA","06","California","075","San Francisco","37.765946","-122.399044"
"01/23/2014","AQS","060750005","1","0.029","ppm","27","San Francisco","17","100.0000","44201","Ozone","41860","San Francisco-Oakland-Hayward, CA","06","California","075","San Francisco","37.765946","-122.399044"
"01/24/2014","AQS","060750005","1","0.011","ppm","10","San Francisco","17","100.0000","44201","Ozone","41860","San Francisco-Oakland-Hayward, CA","06","California","075","San Francisco","37.765946","-122.399044"
"01/25/2014","AQS","060750005","1","0.014","ppm","13","San Francisco","17","100.0000","44201","Ozone","41860","San Francisco-Oakland-Hayward, CA","06","California","075","San Francisco","37.765946","-122.399044"
"01/26/2014","AQS","060750005","1","0.027","ppm","25","San Francisco","17","100.0000","44201","Ozone","41860","San Francisco-Oakland-Hayward, CA","06","California","075","San Francisco","37.765946","-122.399044"
"01/27/2014","AQS","060750005","1","0.026","ppm","24","San Francisco","17","100.0000","44201","Ozone","41860","San Francisco-Oakland-Hayward, CA","06","California","075","San Francisco","37.765946","-122.399044"
"01/28/2014","AQS","060750005","1","0.014","ppm","13","San Francisco","17","100.0000","44201","Ozone","41860","San Francisco-Oakland-Hayward, CA","06","California","075","San Francisco","37.765946","-122.399044"
"01/29/2014","AQS","060750005","1","0.018","ppm","17","San Francisco","17","100.0000","44201","Ozone","41860","San Francisco-Oakland-Hayward, CA","06","California","075","San Francisco","37.765946","-122.399044"
"01/30/2014","AQS","060750005","1","0.032","ppm","30","San Francisco","17","100.0000","44201","Ozone","41860","San Francisco-Oakland-Hayward, CA","06","California","075","San Francisco","37.765946","-122.399044"
"01/31/2014","AQS","060750005","1","0.027","ppm","25","San Francisco","17","100.0000","44201","Ozone","41860","San Francisco-Oakland-Hayward, CA","06","California","075","San Francisco","37.765946","-122.399044"
"02/01/2014","AQS","060750005","1","0.029","ppm","27","San Francisco","17","100.0000","44201","Ozone","41860","San Francisco-Oakland-Hayward, CA","06","California","075","San Francisco","37.765946","-122.399044"
"02/02/2014","AQS","060750005","1","0.032","ppm","30","San Francisco","17","100.0000","44201","Ozone","41860","San Francisco-Oakland-Hayward, CA","06","California","075","San Francisco","37.765946","-122.399044"
"02/03/2014","AQS","060750005","1","0.028","ppm","26","San Francisco","17","100.0000","44201","Ozone","41860","San Francisco-Oakland-Hayward, CA","06","California","075","San Francisco","37.765946","-122.399044"
"02/04/2014","AQS","060750005","1","0.022","ppm","20","San Francisco","17","100.0000","44201","Ozone","41860","San Francisco-Oakland-Hayward, CA","06","California","075","San Francisco","37.765946","-122.399044"
"02/05/2014","AQS","060750005","1","0.031","ppm","29","San Francisco","17","100.0000","44201","Ozone","41860","San Francisco-Oakland-Hayward, CA","06","California","075","San Francisco","37.765946","-122.399044"
"02/06/2014","AQS","060750005","1","0.021","ppm","19","San Francisco","17","100.0000","44201","Ozone","41860","San Francisco-Oakland-Hayward, CA","06","California","075","San Francisco","37.765946","-122.399044"
"02/07/2014","AQS","060750005","1","0.034","ppm","31","San Francisco","17","100.0000","44201","Ozone","41860","San Francisco-Oakland-Hayward, CA","06","California","075","San Francisco","37.765946","-122.399044"
"02/08/2014","AQS","060750005","1","0.031","ppm","29","San Francisco","17","100.0000","44201","Ozone","41860","San Francisco-Oakland-Hayward, CA","06","California","075","San Francisco","37.765946","-122.399044"
"02/09/2014","AQS","060750005","1","0.028","ppm","26","San Francisco","17","100.0000","44201","Ozone","41860","San Francisco-Oakland-Hayward, CA","06","California","075","San Francisco","37.765946","-122.399044"
"02/10/2014","AQS","060750005","1","0.017","ppm","16","San Francisco","17","100.0000","44201","Ozone","41860","San Francisco-Oakland-Hayward, CA","06","California","075","San Francisco","37.765946","-122.399044"
"02/11/2014","AQS","060750005","1","0.021","ppm","19","San Francisco","17","100.0000","44201","Ozone","41860","San Francisco-Oakland-Hayward, CA","06","California","075","San Francisco","37.765946","-122.399044"
"02/12/2014","AQS","060750005","1","0.021","ppm","19","San Francisco","17","100.0000","44201","Ozone","41860","San Francisco-Oakland-Hayward, CA","06","California","075","San Francisco","37.765946","-122.399044"
"02/13/2014","AQS","060750005","1","0.014","ppm","13","San Francisco","17","100.0000","44201","Ozone","41860","San Francisco-Oakland-Hayward, CA","06","California","075","San Francisco","37.765946","-122.399044"
"02/14/2014","AQS","060750005","1","0.016","ppm","15","San Francisco","17","100.0000","44201","Ozone","41860","San Francisco-Oakland-Hayward, CA","06","California","075","San Francisco","37.765946","-122.399044"
"02/15/2014","AQS","060750005","1","0.024","ppm","22","San Francisco","17","100.0000","44201","Ozone","41860","San Francisco-Oakland-Hayward, CA","06","California","075","San Francisco","37.765946","-122.399044"
"02/16/2014","AQS","060750005","1","0.032","ppm","30","San Francisco","17","100.0000","44201","Ozone","41860","San Francisco-Oakland-Hayward, CA","06","California","075","San Francisco","37.765946","-122.399044"
"02/17/2014","AQS","060750005","1","0.027","ppm","25","San Francisco","17","100.0000","44201","Ozone","41860","San Francisco-Oakland-Hayward, CA","06","California","075","San Francisco","37.765946","-122.399044"
"02/18/2014","AQS","060750005","1","0.031","ppm","29","San Francisco","17","100.0000","44201","Ozone","41860","San Francisco-Oakland-Hayward, CA","06","California","075","San Francisco","37.765946","-122.399044"
"02/19/2014","AQS","060750005","1","0.029","ppm","27","San Francisco","17","100.0000","44201","Ozone","41860","San Francisco-Oakland-Hayward, CA","06","California","075","San Francisco","37.765946","-122.399044"
"02/20/2014","AQS","060750005","1","0.021","ppm","19","San Francisco","17","100.0000","44201","Ozone","41860","San Francisco-Oakland-Hayward, CA","06","California","075","San Francisco","37.765946","-122.399044"
"02/21/2014","AQS","060750005","1","0.022","ppm","20","San Francisco","17","100.0000","44201","Ozone","41860","San Francisco-Oakland-Hayward, CA","06","California","075","San Francisco","37.765946","-122.399044"
"02/22/2014","AQS","060750005","1","0.02","ppm","19","San Francisco","17","100.0000","44201","Ozone","41860","San Francisco-Oakland-Hayward, CA","06","California","075","San Francisco","37.765946","-122.399044"
"02/23/2014","AQS","060750005","1","0.02","ppm","19","San Francisco","17","100.0000","44201","Ozone","41860","San Francisco-Oakland-Hayward, CA","06","California","075","San Francisco","37.765946","-122.399044"
"02/24/2014","AQS","060750005","1","0.029","ppm","27","San Francisco","17","100.0000","44201","Ozone","41860","San Francisco-Oakland-Hayward, CA","06","California","075","San Francisco","37.765946","-122.399044"
"02/25/2014","AQS","060750005","1","0.038","ppm","35","San Francisco","17","100.0000","44201","Ozone","41860","San Francisco-Oakland-Hayward, CA","06","California","075","San Francisco","37.765946","-122.399044"
"02/26/2014","AQS","060750005","1","0.037","ppm","34","San Francisco","17","100.0000","44201","Ozone","41860","San Francisco-Oakland-Hayward, CA","06","California","075","San Francisco","37.765946","-122.399044"
"02/27/2014","AQS","060750005","1","0.036","ppm","33","San Francisco","17","100.0000","44201","Ozone","41860","San Francisco-Oakland-Hayward, CA","06","California","075","San Francisco","37.765946","-122.399044"
"02/28/2014","AQS","060750005","1","0.037","ppm","34","San Francisco","14","82.0000","44201","Ozone","41860","San Francisco-Oakland-Hayward, CA","06","California","075","San Francisco","37.765946","-122.399044"
"03/01/2014","AQS","060750005","1","0.033","ppm","31","San Francisco","17","100.0000","44201","Ozone","41860","San Francisco-Oakland-Hayward, CA","06","California","075","San Francisco","37.765946","-122.399044"
"03/02/2014","AQS","060750005","1","0.034","ppm","31","San Francisco","17","100.0000","44201","Ozone","41860","San Francisco-Oakland-Hayward, CA","06","California","075","San Francisco","37.765946","-122.399044"
"03/03/2014","AQS","060750005","1","0.027","ppm","25","San Francisco","17","100.0000","44201","Ozone","41860","San Francisco-Oakland-Hayward, CA","06","California","075","San Francisco","37.765946","-122.399044"
"03/04/2014","AQS","060750005","1","0.02","ppm","19","San Francisco","17","100.0000","44201","Ozone","41860","San Francisco-Oakland-Hayward, CA","06","California","075","San Francisco","37.765946","-122.399044"
"03/05/2014","AQS","060750005","1","0.026","ppm","24","San Francisco","17","100.0000","44201","Ozone","41860","San Francisco-Oakland-Hayward, CA","06","California","075","San Francisco","37.765946","-122.399044"
"03/06/2014","AQS","060750005","1","0.033","ppm","31","San Francisco","17","100.0000","44201","Ozone","41860","San Francisco-Oakland-Hayward, CA","06","California","075","San Francisco","37.765946","-122.399044"
"03/07/2014","AQS","060750005","1","0.027","ppm","25","San Francisco","17","100.0000","44201","Ozone","41860","San Francisco-Oakland-Hayward, CA","06","California","075","San Francisco","37.765946","-122.399044"
"03/08/2014","AQS","060750005","1","0.025","ppm","23","San Francisco","17","100.0000","44201","Ozone","41860","San Francisco-Oakland-Hayward, CA","06","California","075","San Francisco","37.765946","-122.399044"
"03/09/2014","AQS","060750005","1","0.031","ppm","29","San Francisco","17","100.0000","44201","Ozone","41860","San Francisco-Oakland-Hayward, CA","06","California","075","San Francisco","37.765946","-122.399044"
"03/10/2014","AQS","060750005","1","0.033","ppm","31","San Francisco","17","100.0000","44201","Ozone","41860","San Francisco-Oakland-Hayward, CA","06","California","075","San Francisco","37.765946","-122.399044"
"03/11/2014","AQS","060750005","1","0.035","ppm","32","San Francisco","17","100.0000","44201","Ozone","41860","San Francisco-Oakland-Hayward, CA","06","California","075","San Francisco","37.765946","-122.399044"
"03/12/2014","AQS","060750005","1","0.03","ppm","28","San Francisco","17","100.0000","44201","Ozone","41860","San Francisco-Oakland-Hayward, CA","06","California","075","San Francisco","37.765946","-122.399044"
"03/13/2014","AQS","060750005","1","0.03","ppm","28","San Francisco","17","100.0000","44201","Ozone","41860","San Francisco-Oakland-Hayward, CA","06","California","075","San Francisco","37.765946","-122.399044"
"03/14/2014","AQS","060750005","1","0.024","ppm","22","San Francisco","17","100.0000","44201","Ozone","41860","San Francisco-Oakland-Hayward, CA","06","California","075","San Francisco","37.765946","-122.399044"
"03/15/2014","AQS","060750005","1","0.024","ppm","22","San Francisco","17","100.0000","44201","Ozone","41860","San Francisco-Oakland-Hayward, CA","06","California","075","San Francisco","37.765946","-122.399044"
"03/16/2014","AQS","060750005","1","0.035","ppm","32","San Francisco","17","100.0000","44201","Ozone","41860","San Francisco-Oakland-Hayward, CA","06","California","075","San Francisco","37.765946","-122.399044"
"03/17/2014","AQS","060750005","1","0.032","ppm","30","San Francisco","17","100.0000","44201","Ozone","41860","San Francisco-Oakland-Hayward, CA","06","California","075","San Francisco","37.765946","-122.399044"
"03/18/2014","AQS","060750005","1","0.034","ppm","31","San Francisco","13","76.0000","44201","Ozone","41860","San Francisco-Oakland-Hayward, CA","06","California","075","San Francisco","37.765946","-122.399044"
"03/19/2014","AQS","060750005","1","0.03","ppm","28","San Francisco","17","100.0000","44201","Ozone","41860","San Francisco-Oakland-Hayward, CA","06","California","075","San Francisco","37.765946","-122.399044"
"03/20/2014","AQS","060750005","1","0.035","ppm","32","San Francisco","17","100.0000","44201","Ozone","41860","San Francisco-Oakland-Hayward, CA","06","California","075","San Francisco","37.765946","-122.399044"
"03/21/2014","AQS","060750005","1","0.035","ppm","32","San Francisco","17","100.0000","44201","Ozone","41860","San Francisco-Oakland-Hayward, CA","06","California","075","San Francisco","37.765946","-122.399044"
"03/22/2014","AQS","060750005","1","0.036","ppm","33","San Francisco","17","100.0000","44201","Ozone","41860","San Francisco-Oakland-Hayward, CA","06","California","075","San Francisco","37.765946","-122.399044"
"03/23/2014","AQS","060750005","1","0.036","ppm","33","San Francisco","17","100.0000","44201","Ozone","41860","San Francisco-Oakland-Hayward, CA","06","California","075","San Francisco","37.765946","-122.399044"
"03/24/2014","AQS","060750005","1","0.032","ppm","30","San Francisco","17","100.0000","44201","Ozone","41860","San Francisco-Oakland-Hayward, CA","06","California","075","San Francisco","37.765946","-122.399044"
"03/25/2014","AQS","060750005","1","0.036","ppm","33","San Francisco","17","100.0000","44201","Ozone","41860","San Francisco-Oakland-Hayward, CA","06","California","075","San Francisco","37.765946","-122.399044"
"03/26/2014","AQS","060750005","1","0.035","ppm","32","San Francisco","17","100.0000","44201","Ozone","41860","San Francisco-Oakland-Hayward, CA","06","California","075","San Francisco","37.765946","-122.399044"
"03/27/2014","AQS","060750005","1","0.037","ppm","34","San Francisco","17","100.0000","44201","Ozone","41860","San Francisco-Oakland-Hayward, CA","06","California","075","San Francisco","37.765946","-122.399044"
"03/28/2014","AQS","060750005","1","0.029","ppm","27","San Francisco","17","100.0000","44201","Ozone","41860","San Francisco-Oakland-Hayward, CA","06","California","075","San Francisco","37.765946","-122.399044"
"03/29/2014","AQS","060750005","1","0.034","ppm","31","San Francisco","17","100.0000","44201","Ozone","41860","San Francisco-Oakland-Hayward, CA","06","California","075","San Francisco","37.765946","-122.399044"
"03/30/2014","AQS","060750005","1","0.036","ppm","33","San Francisco","17","100.0000","44201","Ozone","41860","San Francisco-Oakland-Hayward, CA","06","California","075","San Francisco","37.765946","-122.399044"
"03/31/2014","AQS","060750005","1","0.038","ppm","35","San Francisco","17","100.0000","44201","Ozone","41860","San Francisco-Oakland-Hayward, CA","06","California","075","San Francisco","37.765946","-122.399044"
"04/01/2014","AQS","060750005","1","0.036","ppm","33","San Francisco","17","100.0000","44201","Ozone","41860","San Francisco-Oakland-Hayward, CA","06","California","075","San Francisco","37.765946","-122.399044"
"04/02/2014","AQS","060750005","1","0.038","ppm","35","San Francisco","17","100.0000","44201","Ozone","41860","San Francisco-Oakland-Hayward, CA","06","California","075","San Francisco","37.765946","-122.399044"
"04/03/2014","AQS","060750005","1","0.035","ppm","32","San Francisco","17","100.0000","44201","Ozone","41860","San Francisco-Oakland-Hayward, CA","06","California","075","San Francisco","37.765946","-122.399044"
"04/04/2014","AQS","060750005","1","0.036","ppm","33","San Francisco","16","94.0000","44201","Ozone","41860","San Francisco-Oakland-Hayward, CA","06","California","075","San Francisco","37.765946","-122.399044"
"04/05/2014","AQS","060750005","1","0.032","ppm","30","San Francisco","17","100.0000","44201","Ozone","41860","San Francisco-Oakland-Hayward, CA","06","California","075","San Francisco","37.765946","-122.399044"
"04/06/2014","AQS","060750005","1","0.025","ppm","23","San Francisco","17","100.0000","44201","Ozone","41860","San Francisco-Oakland-Hayward, CA","06","California","075","San Francisco","37.765946","-122.399044"
"04/07/2014","AQS","060750005","1","0.032","ppm","30","San Francisco","17","100.0000","44201","Ozone","41860","San Francisco-Oakland-Hayward, CA","06","California","075","San Francisco","37.765946","-122.399044"
"04/08/2014","AQS","060750005","1","0.033","ppm","31","San Francisco","17","100.0000","44201","Ozone","41860","San Francisco-Oakland-Hayward, CA","06","California","075","San Francisco","37.765946","-122.399044"
"04/09/2014","AQS","060750005","1","0.018","ppm","17","San Francisco","17","100.0000","44201","Ozone","41860","San Francisco-Oakland-Hayward, CA","06","California","075","San Francisco","37.765946","-122.399044"
"04/10/2014","AQS","060750005","1","0.023","ppm","21","San Francisco","17","100.0000","44201","Ozone","41860","San Francisco-Oakland-Hayward, CA","06","California","075","San Francisco","37.765946","-122.399044"
"04/11/2014","AQS","060750005","1","0.038","ppm","35","San Francisco","17","100.0000","44201","Ozone","41860","San Francisco-Oakland-Hayward, CA","06","California","075","San Francisco","37.765946","-122.399044"
"04/12/2014","AQS","060750005","1","0.04","ppm","37","San Francisco","17","100.0000","44201","Ozone","41860","San Francisco-Oakland-Hayward, CA","06","California","075","San Francisco","37.765946","-122.399044"
"04/13/2014","AQS","060750005","1","0.039","ppm","36","San Francisco","17","100.0000","44201","Ozone","41860","San Francisco-Oakland-Hayward, CA","06","California","075","San Francisco","37.765946","-122.399044"
"04/14/2014","AQS","060750005","1","0.035","ppm","32","San Francisco","17","100.0000","44201","Ozone","41860","San Francisco-Oakland-Hayward, CA","06","California","075","San Francisco","37.765946","-122.399044"
"04/15/2014","AQS","060750005","1","0.034","ppm","31","San Francisco","17","100.0000","44201","Ozone","41860","San Francisco-Oakland-Hayward, CA","06","California","075","San Francisco","37.765946","-122.399044"
"04/16/2014","AQS","060750005","1","0.037","ppm","34","San Francisco","13","76.0000","44201","Ozone","41860","San Francisco-Oakland-Hayward, CA","06","California","075","San Francisco","37.765946","-122.399044"
"04/17/2014","AQS","060750005","1","0.033","ppm","31","San Francisco","17","100.0000","44201","Ozone","41860","San Francisco-Oakland-Hayward, CA","06","California","075","San Francisco","37.765946","-122.399044"
"04/18/2014","AQS","060750005","1","0.045","ppm","42","San Francisco","17","100.0000","44201","Ozone","41860","San Francisco-Oakland-Hayward, CA","06","California","075","San Francisco","37.765946","-122.399044"
"04/19/2014","AQS","060750005","1","0.044","ppm","41","San Francisco","17","100.0000","44201","Ozone","41860","San Francisco-Oakland-Hayward, CA","06","California","075","San Francisco","37.765946","-122.399044"
"04/20/2014","AQS","060750005","1","0.04","ppm","37","San Francisco","17","100.0000","44201","Ozone","41860","San Francisco-Oakland-Hayward, CA","06","California","075","San Francisco","37.765946","-122.399044"
"04/21/2014","AQS","060750005","1","0.047","ppm","44","San Francisco","17","100.0000","44201","Ozone","41860","San Francisco-Oakland-Hayward, CA","06","California","075","San Francisco","37.765946","-122.399044"
"04/22/2014","AQS","060750005","1","0.045","ppm","42","San Francisco","17","100.0000","44201","Ozone","41860","San Francisco-Oakland-Hayward, CA","06","California","075","San Francisco","37.765946","-122.399044"
"04/23/2014","AQS","060750005","1","0.04","ppm","37","San Francisco","17","100.0000","44201","Ozone","41860","San Francisco-Oakland-Hayward, CA","06","California","075","San Francisco","37.765946","-122.399044"
"04/24/2014","AQS","060750005","1","0.037","ppm","34","San Francisco","17","100.0000","44201","Ozone","41860","San Francisco-Oakland-Hayward, CA","06","California","075","San Francisco","37.765946","-122.399044"
"04/25/2014","AQS","060750005","1","0.042","ppm","39","San Francisco","17","100.0000","44201","Ozone","41860","San Francisco-Oakland-Hayward, CA","06","California","075","San Francisco","37.765946","-122.399044"
"04/26/2014","AQS","060750005","1","0.043","ppm","40","San Francisco","17","100.0000","44201","Ozone","41860","San Francisco-Oakland-Hayward, CA","06","California","075","San Francisco","37.765946","-122.399044"
"04/27/2014","AQS","060750005","1","0.041","ppm","38","San Francisco","17","100.0000","44201","Ozone","41860","San Francisco-Oakland-Hayward, CA","06","California","075","San Francisco","37.765946","-122.399044"
"04/28/2014","AQS","060750005","1","0.037","ppm","34","San Francisco","17","100.0000","44201","Ozone","41860","San Francisco-Oakland-Hayward, CA","06","California","075","San Francisco","37.765946","-122.399044"
"04/29/2014","AQS","060750005","1","0.039","ppm","36","San Francisco","17","100.0000","44201","Ozone","41860","San Francisco-Oakland-Hayward, CA","06","California","075","San Francisco","37.765946","-122.399044"
"04/30/2014","AQS","060750005","1","0.069","ppm","97","San Francisco","17","100.0000","44201","Ozone","41860","San Francisco-Oakland-Hayward, CA","06","California","075","San Francisco","37.765946","-122.399044"
"05/01/2014","AQS","060750005","1","0.055","ppm","51","San Francisco","17","100.0000","44201","Ozone","41860","San Francisco-Oakland-Hayward, CA","06","California","075","San Francisco","37.765946","-122.399044"
"05/02/2014","AQS","060750005","1","0.028","ppm","26","San Francisco","17","100.0000","44201","Ozone","41860","San Francisco-Oakland-Hayward, CA","06","California","075","San Francisco","37.765946","-122.399044"
"05/03/2014","AQS","060750005","1","0.04","ppm","37","San Francisco","17","100.0000","44201","Ozone","41860","San Francisco-Oakland-Hayward, CA","06","California","075","San Francisco","37.765946","-122.399044"
"05/04/2014","AQS","060750005","1","0.035","ppm","32","San Francisco","17","100.0000","44201","Ozone","41860","San Francisco-Oakland-Hayward, CA","06","California","075","San Francisco","37.765946","-122.399044"
"05/05/2014","AQS","060750005","1","0.039","ppm","36","San Francisco","17","100.0000","44201","Ozone","41860","San Francisco-Oakland-Hayward, CA","06","California","075","San Francisco","37.765946","-122.399044"
"05/06/2014","AQS","060750005","1","0.033","ppm","31","San Francisco","17","100.0000","44201","Ozone","41860","San Francisco-Oakland-Hayward, CA","06","California","075","San Francisco","37.765946","-122.399044"
"05/07/2014","AQS","060750005","1","0.043","ppm","40","San Francisco","17","100.0000","44201","Ozone","41860","San Francisco-Oakland-Hayward, CA","06","California","075","San Francisco","37.765946","-122.399044"
"05/08/2014","AQS","060750005","1","0.033","ppm","31","San Francisco","17","100.0000","44201","Ozone","41860","San Francisco-Oakland-Hayward, CA","06","California","075","San Francisco","37.765946","-122.399044"
"05/09/2014","AQS","060750005","1","0.039","ppm","36","San Francisco","17","100.0000","44201","Ozone","41860","San Francisco-Oakland-Hayward, CA","06","California","075","San Francisco","37.765946","-122.399044"
"05/10/2014","AQS","060750005","1","0.037","ppm","34","San Francisco","17","100.0000","44201","Ozone","41860","San Francisco-Oakland-Hayward, CA","06","California","075","San Francisco","37.765946","-122.399044"
"05/11/2014","AQS","060750005","1","0.034","ppm","31","San Francisco","17","100.0000","44201","Ozone","41860","San Francisco-Oakland-Hayward, CA","06","California","075","San Francisco","37.765946","-122.399044"
"05/12/2014","AQS","060750005","1","0.034","ppm","31","San Francisco","17","100.0000","44201","Ozone","41860","San Francisco-Oakland-Hayward, CA","06","California","075","San Francisco","37.765946","-122.399044"
"05/13/2014","AQS","060750005","1","0.057","ppm","58","San Francisco","17","100.0000","44201","Ozone","41860","San Francisco-Oakland-Hayward, CA","06","California","075","San Francisco","37.765946","-122.399044"
"05/14/2014","AQS","060750005","1","0.048","ppm","44","San Francisco","17","100.0000","44201","Ozone","41860","San Francisco-Oakland-Hayward, CA","06","California","075","San Francisco","37.765946","-122.399044"
"05/15/2014","AQS","060750005","1","0.033","ppm","31","San Francisco","17","100.0000","44201","Ozone","41860","San Francisco-Oakland-Hayward, CA","06","California","075","San Francisco","37.765946","-122.399044"
"05/16/2014","AQS","060750005","1","0.031","ppm","29","San Francisco","17","100.0000","44201","Ozone","41860","San Francisco-Oakland-Hayward, CA","06","California","075","San Francisco","37.765946","-122.399044"
"05/17/2014","AQS","060750005","1","0.036","ppm","33","San Francisco","17","100.0000","44201","Ozone","41860","San Francisco-Oakland-Hayward, CA","06","California","075","San Francisco","37.765946","-122.399044"
"05/18/2014","AQS","060750005","1","0.034","ppm","31","San Francisco","17","100.0000","44201","Ozone","41860","San Francisco-Oakland-Hayward, CA","06","California","075","San Francisco","37.765946","-122.399044"
"05/19/2014","AQS","060750005","1","0.032","ppm","30","San Francisco","17","100.0000","44201","Ozone","41860","San Francisco-Oakland-Hayward, CA","06","California","075","San Francisco","37.765946","-122.399044"
"05/20/2014","AQS","060750005","1","0.033","ppm","31","San Francisco","17","100.0000","44201","Ozone","41860","San Francisco-Oakland-Hayward, CA","06","California","075","San Francisco","37.765946","-122.399044"
"05/21/2014","AQS","060750005","1","0.036","ppm","33","San Francisco","17","100.0000","44201","Ozone","41860","San Francisco-Oakland-Hayward, CA","06","California","075","San Francisco","37.765946","-122.399044"
"05/22/2014","AQS","060750005","1","0.031","ppm","29","San Francisco","17","100.0000","44201","Ozone","41860","San Francisco-Oakland-Hayward, CA","06","California","075","San Francisco","37.765946","-122.399044"
"05/23/2014","AQS","060750005","1","0.021","ppm","19","San Francisco","17","100.0000","44201","Ozone","41860","San Francisco-Oakland-Hayward, CA","06","California","075","San Francisco","37.765946","-122.399044"
"05/24/2014","AQS","060750005","1","0.031","ppm","29","San Francisco","17","100.0000","44201","Ozone","41860","San Francisco-Oakland-Hayward, CA","06","California","075","San Francisco","37.765946","-122.399044"
"05/25/2014","AQS","060750005","1","0.031","ppm","29","San Francisco","17","100.0000","44201","Ozone","41860","San Francisco-Oakland-Hayward, CA","06","California","075","San Francisco","37.765946","-122.399044"
"05/26/2014","AQS","060750005","1","0.034","ppm","31","San Francisco","17","100.0000","44201","Ozone","41860","San Francisco-Oakland-Hayward, CA","06","California","075","San Francisco","37.765946","-122.399044"
"05/27/2014","AQS","060750005","1","0.034","ppm","31","San Francisco","17","100.0000","44201","Ozone","41860","San Francisco-Oakland-Hayward, CA","06","California","075","San Francisco","37.765946","-122.399044"
"05/28/2014","AQS","060750005","1","0.029","ppm","27","San Francisco","13","76.0000","44201","Ozone","41860","San Francisco-Oakland-Hayward, CA","06","California","075","San Francisco","37.765946","-122.399044"
"05/29/2014","AQS","060750005","1","0.038","ppm","35","San Francisco","17","100.0000","44201","Ozone","41860","San Francisco-Oakland-Hayward, CA","06","California","075","San Francisco","37.765946","-122.399044"
"05/30/2014","AQS","060750005","1","0.04","ppm","37","San Francisco","17","100.0000","44201","Ozone","41860","San Francisco-Oakland-Hayward, CA","06","California","075","San Francisco","37.765946","-122.399044"
"05/31/2014","AQS","060750005","1","0.033","ppm","31","San Francisco","17","100.0000","44201","Ozone","41860","San Francisco-Oakland-Hayward, CA","06","California","075","San Francisco","37.765946","-122.399044"
"06/01/2014","AQS","060750005","1","0.031","ppm","29","San Francisco","17","100.0000","44201","Ozone","41860","San Francisco-Oakland-Hayward, CA","06","California","075","San Francisco","37.765946","-122.399044"
"06/02/2014","AQS","060750005","1","0.032","ppm","30","San Francisco","17","100.0000","44201","Ozone","41860","San Francisco-Oakland-Hayward, CA","06","California","075","San Francisco","37.765946","-122.399044"
"06/03/2014","AQS","060750005","1","0.032","ppm","30","San Francisco","17","100.0000","44201","Ozone","41860","San Francisco-Oakland-Hayward, CA","06","California","075","San Francisco","37.765946","-122.399044"
"06/04/2014","AQS","060750005","1","0.03","ppm","28","San Francisco","17","100.0000","44201","Ozone","41860","San Francisco-Oakland-Hayward, CA","06","California","075","San Francisco","37.765946","-122.399044"
"06/05/2014","AQS","060750005","1","0.03","ppm","28","San Francisco","16","94.0000","44201","Ozone","41860","San Francisco-Oakland-Hayward, CA","06","California","075","San Francisco","37.765946","-122.399044"
"06/06/2014","AQS","060750005","1","0.03","ppm","28","San Francisco","17","100.0000","44201","Ozone","41860","San Francisco-Oakland-Hayward, CA","06","California","075","San Francisco","37.765946","-122.399044"
"06/07/2014","AQS","060750005","1","0.028","ppm","26","San Francisco","17","100.0000","44201","Ozone","41860","San Francisco-Oakland-Hayward, CA","06","California","075","San Francisco","37.765946","-122.399044"
"06/08/2014","AQS","060750005","1","0.032","ppm","30","San Francisco","17","100.0000","44201","Ozone","41860","San Francisco-Oakland-Hayward, CA","06","California","075","San Francisco","37.765946","-122.399044"
"06/09/2014","AQS","060750005","1","0.026","ppm","24","San Francisco","17","100.0000","44201","Ozone","41860","San Francisco-Oakland-Hayward, CA","06","California","075","San Francisco","37.765946","-122.399044"
"06/10/2014","AQS","060750005","1","0.023","ppm","21","San Francisco","17","100.0000","44201","Ozone","41860","San Francisco-Oakland-Hayward, CA","06","California","075","San Francisco","37.765946","-122.399044"
"06/11/2014","AQS","060750005","1","0.027","ppm","25","San Francisco","17","100.0000","44201","Ozone","41860","San Francisco-Oakland-Hayward, CA","06","California","075","San Francisco","37.765946","-122.399044"
"06/12/2014","AQS","060750005","1","0.023","ppm","21","San Francisco","17","100.0000","44201","Ozone","41860","San Francisco-Oakland-Hayward, CA","06","California","075","San Francisco","37.765946","-122.399044"
"06/13/2014","AQS","060750005","1","0.023","ppm","21","San Francisco","17","100.0000","44201","Ozone","41860","San Francisco-Oakland-Hayward, CA","06","California","075","San Francisco","37.765946","-122.399044"
"06/14/2014","AQS","060750005","1","0.027","ppm","25","San Francisco","17","100.0000","44201","Ozone","41860","San Francisco-Oakland-Hayward, CA","06","California","075","San Francisco","37.765946","-122.399044"
"06/15/2014","AQS","060750005","1","0.027","ppm","25","San Francisco","17","100.0000","44201","Ozone","41860","San Francisco-Oakland-Hayward, CA","06","California","075","San Francisco","37.765946","-122.399044"
"06/16/2014","AQS","060750005","1","0.027","ppm","25","San Francisco","17","100.0000","44201","Ozone","41860","San Francisco-Oakland-Hayward, CA","06","California","075","San Francisco","37.765946","-122.399044"
"06/17/2014","AQS","060750005","1","0.023","ppm","21","San Francisco","17","100.0000","44201","Ozone","41860","San Francisco-Oakland-Hayward, CA","06","California","075","San Francisco","37.765946","-122.399044"
"06/18/2014","AQS","060750005","1","0.023","ppm","21","San Francisco","17","100.0000","44201","Ozone","41860","San Francisco-Oakland-Hayward, CA","06","California","075","San Francisco","37.765946","-122.399044"
"06/19/2014","AQS","060750005","1","0.023","ppm","21","San Francisco","17","100.0000","44201","Ozone","41860","San Francisco-Oakland-Hayward, CA","06","California","075","San Francisco","37.765946","-122.399044"
"06/20/2014","AQS","060750005","1","0.031","ppm","29","San Francisco","17","100.0000","44201","Ozone","41860","San Francisco-Oakland-Hayward, CA","06","California","075","San Francisco","37.765946","-122.399044"
"06/21/2014","AQS","060750005","1","0.027","ppm","25","San Francisco","17","100.0000","44201","Ozone","41860","San Francisco-Oakland-Hayward, CA","06","California","075","San Francisco","37.765946","-122.399044"
"06/22/2014","AQS","060750005","1","0.027","ppm","25","San Francisco","17","100.0000","44201","Ozone","41860","San Francisco-Oakland-Hayward, CA","06","California","075","San Francisco","37.765946","-122.399044"
"06/23/2014","AQS","060750005","1","0.024","ppm","22","San Francisco","17","100.0000","44201","Ozone","41860","San Francisco-Oakland-Hayward, CA","06","California","075","San Francisco","37.765946","-122.399044"
"06/24/2014","AQS","060750005","1","0.017","ppm","16","San Francisco","17","100.0000","44201","Ozone","41860","San Francisco-Oakland-Hayward, CA","06","California","075","San Francisco","37.765946","-122.399044"
"06/25/2014","AQS","060750005","1","0.015","ppm","14","San Francisco","17","100.0000","44201","Ozone","41860","San Francisco-Oakland-Hayward, CA","06","California","075","San Francisco","37.765946","-122.399044"
"06/26/2014","AQS","060750005","1","0.022","ppm","20","San Francisco","17","100.0000","44201","Ozone","41860","San Francisco-Oakland-Hayward, CA","06","California","075","San Francisco","37.765946","-122.399044"
"06/27/2014","AQS","060750005","1","0.017","ppm","16","San Francisco","17","100.0000","44201","Ozone","41860","San Francisco-Oakland-Hayward, CA","06","California","075","San Francisco","37.765946","-122.399044"
"06/28/2014","AQS","060750005","1","0.02","ppm","19","San Francisco","17","100.0000","44201","Ozone","41860","San Francisco-Oakland-Hayward, CA","06","California","075","San Francisco","37.765946","-122.399044"
"06/29/2014","AQS","060750005","1","0.022","ppm","20","San Francisco","17","100.0000","44201","Ozone","41860","San Francisco-Oakland-Hayward, CA","06","California","075","San Francisco","37.765946","-122.399044"
"06/30/2014","AQS","060750005","1","0.025","ppm","23","San Francisco","17","100.0000","44201","Ozone","41860","San Francisco-Oakland-Hayward, CA","06","California","075","San Francisco","37.765946","-122.399044"
"07/01/2014","AQS","060750005","1","0.026","ppm","24","San Francisco","17","100.0000","44201","Ozone","41860","San Francisco-Oakland-Hayward, CA","06","California","075","San Francisco","37.765946","-122.399044"
"07/02/2014","AQS","060750005","1","0.021","ppm","19","San Francisco","17","100.0000","44201","Ozone","41860","San Francisco-Oakland-Hayward, CA","06","California","075","San Francisco","37.765946","-122.399044"
"07/03/2014","AQS","060750005","1","0.023","ppm","21","San Francisco","17","100.0000","44201","Ozone","41860","San Francisco-Oakland-Hayward, CA","06","California","075","San Francisco","37.765946","-122.399044"
"07/04/2014","AQS","060750005","1","0.025","ppm","23","San Francisco","17","100.0000","44201","Ozone","41860","San Francisco-Oakland-Hayward, CA","06","California","075","San Francisco","37.765946","-122.399044"
"07/05/2014","AQS","060750005","1","0.023","ppm","21","San Francisco","17","100.0000","44201","Ozone","41860","San Francisco-Oakland-Hayward, CA","06","California","075","San Francisco","37.765946","-122.399044"
"07/06/2014","AQS","060750005","1","0.021","ppm","19","San Francisco","17","100.0000","44201","Ozone","41860","San Francisco-Oakland-Hayward, CA","06","California","075","San Francisco","37.765946","-122.399044"
"07/07/2014","AQS","060750005","1","0.016","ppm","15","San Francisco","17","100.0000","44201","Ozone","41860","San Francisco-Oakland-Hayward, CA","06","California","075","San Francisco","37.765946","-122.399044"
"07/08/2014","AQS","060750005","1","0.019","ppm","18","San Francisco","13","76.0000","44201","Ozone","41860","San Francisco-Oakland-Hayward, CA","06","California","075","San Francisco","37.765946","-122.399044"
"07/09/2014","AQS","060750005","1","0.017","ppm","16","San Francisco","17","100.0000","44201","Ozone","41860","San Francisco-Oakland-Hayward, CA","06","California","075","San Francisco","37.765946","-122.399044"
"07/10/2014","AQS","060750005","1","0.02","ppm","19","San Francisco","17","100.0000","44201","Ozone","41860","San Francisco-Oakland-Hayward, CA","06","California","075","San Francisco","37.765946","-122.399044"
"07/11/2014","AQS","060750005","1","0.024","ppm","22","San Francisco","17","100.0000","44201","Ozone","41860","San Francisco-Oakland-Hayward, CA","06","California","075","San Francisco","37.765946","-122.399044"
"07/12/2014","AQS","060750005","1","0.025","ppm","23","San Francisco","17","100.0000","44201","Ozone","41860","San Francisco-Oakland-Hayward, CA","06","California","075","San Francisco","37.765946","-122.399044"
"07/13/2014","AQS","060750005","1","0.025","ppm","23","San Francisco","17","100.0000","44201","Ozone","41860","San Francisco-Oakland-Hayward, CA","06","California","075","San Francisco","37.765946","-122.399044"
"07/14/2014","AQS","060750005","1","0.027","ppm","25","San Francisco","17","100.0000","44201","Ozone","41860","San Francisco-Oakland-Hayward, CA","06","California","075","San Francisco","37.765946","-122.399044"
"07/15/2014","AQS","060750005","1","0.027","ppm","25","San Francisco","17","100.0000","44201","Ozone","41860","San Francisco-Oakland-Hayward, CA","06","California","075","San Francisco","37.765946","-122.399044"
"07/16/2014","AQS","060750005","1","0.02","ppm","19","San Francisco","17","100.0000","44201","Ozone","41860","San Francisco-Oakland-Hayward, CA","06","California","075","San Francisco","37.765946","-122.399044"
"07/17/2014","AQS","060750005","1","0.02","ppm","19","San Francisco","17","100.0000","44201","Ozone","41860","San Francisco-Oakland-Hayward, CA","06","California","075","San Francisco","37.765946","-122.399044"
"07/18/2014","AQS","060750005","1","0.021","ppm","19","San Francisco","17","100.0000","44201","Ozone","41860","San Francisco-Oakland-Hayward, CA","06","California","075","San Francisco","37.765946","-122.399044"
"07/19/2014","AQS","060750005","1","0.023","ppm","21","San Francisco","17","100.0000","44201","Ozone","41860","San Francisco-Oakland-Hayward, CA","06","California","075","San Francisco","37.765946","-122.399044"
"07/20/2014","AQS","060750005","1","0.022","ppm","20","San Francisco","17","100.0000","44201","Ozone","41860","San Francisco-Oakland-Hayward, CA","06","California","075","San Francisco","37.765946","-122.399044"
"07/21/2014","AQS","060750005","1","0.022","ppm","20","San Francisco","17","100.0000","44201","Ozone","41860","San Francisco-Oakland-Hayward, CA","06","California","075","San Francisco","37.765946","-122.399044"
"07/22/2014","AQS","060750005","1","0.022","ppm","20","San Francisco","17","100.0000","44201","Ozone","41860","San Francisco-Oakland-Hayward, CA","06","California","075","San Francisco","37.765946","-122.399044"
"07/23/2014","AQS","060750005","1","0.016","ppm","15","San Francisco","17","100.0000","44201","Ozone","41860","San Francisco-Oakland-Hayward, CA","06","California","075","San Francisco","37.765946","-122.399044"
"07/24/2014","AQS","060750005","1","0.022","ppm","20","San Francisco","17","100.0000","44201","Ozone","41860","San Francisco-Oakland-Hayward, CA","06","California","075","San Francisco","37.765946","-122.399044"
"07/25/2014","AQS","060750005","1","0.029","ppm","27","San Francisco","17","100.0000","44201","Ozone","41860","San Francisco-Oakland-Hayward, CA","06","California","075","San Francisco","37.765946","-122.399044"
"07/26/2014","AQS","060750005","1","0.023","ppm","21","San Francisco","17","100.0000","44201","Ozone","41860","San Francisco-Oakland-Hayward, CA","06","California","075","San Francisco","37.765946","-122.399044"
"07/27/2014","AQS","060750005","1","0.02","ppm","19","San Francisco","17","100.0000","44201","Ozone","41860","San Francisco-Oakland-Hayward, CA","06","California","075","San Francisco","37.765946","-122.399044"
"07/28/2014","AQS","060750005","1","0.019","ppm","18","San Francisco","14","82.0000","44201","Ozone","41860","San Francisco-Oakland-Hayward, CA","06","California","075","San Francisco","37.765946","-122.399044"
"07/29/2014","AQS","060750005","1","0.015","ppm","14","San Francisco","17","100.0000","44201","Ozone","41860","San Francisco-Oakland-Hayward, CA","06","California","075","San Francisco","37.765946","-122.399044"
"07/30/2014","AQS","060750005","1","0.017","ppm","16","San Francisco","17","100.0000","44201","Ozone","41860","San Francisco-Oakland-Hayward, CA","06","California","075","San Francisco","37.765946","-122.399044"
"07/31/2014","AQS","060750005","1","0.019","ppm","18","San Francisco","17","100.0000","44201","Ozone","41860","San Francisco-Oakland-Hayward, CA","06","California","075","San Francisco","37.765946","-122.399044"
"08/01/2014","AQS","060750005","1","0.021","ppm","19","San Francisco","17","100.0000","44201","Ozone","41860","San Francisco-Oakland-Hayward, CA","06","California","075","San Francisco","37.765946","-122.399044"
"08/02/2014","AQS","060750005","1","0.023","ppm","21","San Francisco","17","100.0000","44201","Ozone","41860","San Francisco-Oakland-Hayward, CA","06","California","075","San Francisco","37.765946","-122.399044"
"08/03/2014","AQS","060750005","1","0.026","ppm","24","San Francisco","17","100.0000","44201","Ozone","41860","San Francisco-Oakland-Hayward, CA","06","California","075","San Francisco","37.765946","-122.399044"
"08/04/2014","AQS","060750005","1","0.024","ppm","22","San Francisco","17","100.0000","44201","Ozone","41860","San Francisco-Oakland-Hayward, CA","06","California","075","San Francisco","37.765946","-122.399044"
"08/05/2014","AQS","060750005","1","0.019","ppm","18","San Francisco","15","88.0000","44201","Ozone","41860","San Francisco-Oakland-Hayward, CA","06","California","075","San Francisco","37.765946","-122.399044"
"08/06/2014","AQS","060750005","1","0.017","ppm","16","San Francisco","17","100.0000","44201","Ozone","41860","San Francisco-Oakland-Hayward, CA","06","California","075","San Francisco","37.765946","-122.399044"
"08/07/2014","AQS","060750005","1","0.02","ppm","19","San Francisco","17","100.0000","44201","Ozone","41860","San Francisco-Oakland-Hayward, CA","06","California","075","San Francisco","37.765946","-122.399044"
"08/08/2014","AQS","060750005","1","0.02","ppm","19","San Francisco","17","100.0000","44201","Ozone","41860","San Francisco-Oakland-Hayward, CA","06","California","075","San Francisco","37.765946","-122.399044"
"08/09/2014","AQS","060750005","1","0.021","ppm","19","San Francisco","17","100.0000","44201","Ozone","41860","San Francisco-Oakland-Hayward, CA","06","California","075","San Francisco","37.765946","-122.399044"
"08/10/2014","AQS","060750005","1","0.023","ppm","21","San Francisco","17","100.0000","44201","Ozone","41860","San Francisco-Oakland-Hayward, CA","06","California","075","San Francisco","37.765946","-122.399044"
"08/11/2014","AQS","060750005","1","0.027","ppm","25","San Francisco","17","100.0000","44201","Ozone","41860","San Francisco-Oakland-Hayward, CA","06","California","075","San Francisco","37.765946","-122.399044"
"08/12/2014","AQS","060750005","1","0.03","ppm","28","San Francisco","17","100.0000","44201","Ozone","41860","San Francisco-Oakland-Hayward, CA","06","California","075","San Francisco","37.765946","-122.399044"
"08/13/2014","AQS","060750005","1","0.024","ppm","22","San Francisco","17","100.0000","44201","Ozone","41860","San Francisco-Oakland-Hayward, CA","06","California","075","San Francisco","37.765946","-122.399044"
"08/14/2014","AQS","060750005","1","0.017","ppm","16","San Francisco","17","100.0000","44201","Ozone","41860","San Francisco-Oakland-Hayward, CA","06","California","075","San Francisco","37.765946","-122.399044"
"08/15/2014","AQS","060750005","1","0.024","ppm","22","San Francisco","17","100.0000","44201","Ozone","41860","San Francisco-Oakland-Hayward, CA","06","California","075","San Francisco","37.765946","-122.399044"
"08/16/2014","AQS","060750005","1","0.026","ppm","24","San Francisco","17","100.0000","44201","Ozone","41860","San Francisco-Oakland-Hayward, CA","06","California","075","San Francisco","37.765946","-122.399044"
"08/17/2014","AQS","060750005","1","0.023","ppm","21","San Francisco","17","100.0000","44201","Ozone","41860","San Francisco-Oakland-Hayward, CA","06","California","075","San Francisco","37.765946","-122.399044"
"08/18/2014","AQS","060750005","1","0.027","ppm","25","San Francisco","17","100.0000","44201","Ozone","41860","San Francisco-Oakland-Hayward, CA","06","California","075","San Francisco","37.765946","-122.399044"
"08/19/2014","AQS","060750005","1","0.024","ppm","22","San Francisco","17","100.0000","44201","Ozone","41860","San Francisco-Oakland-Hayward, CA","06","California","075","San Francisco","37.765946","-122.399044"
"08/20/2014","AQS","060750005","1","0.024","ppm","22","San Francisco","17","100.0000","44201","Ozone","41860","San Francisco-Oakland-Hayward, CA","06","California","075","San Francisco","37.765946","-122.399044"
"08/21/2014","AQS","060750005","1","0.023","ppm","21","San Francisco","17","100.0000","44201","Ozone","41860","San Francisco-Oakland-Hayward, CA","06","California","075","San Francisco","37.765946","-122.399044"
"08/22/2014","AQS","060750005","1","0.028","ppm","26","San Francisco","17","100.0000","44201","Ozone","41860","San Francisco-Oakland-Hayward, CA","06","California","075","San Francisco","37.765946","-122.399044"
"08/23/2014","AQS","060750005","1","0.029","ppm","27","San Francisco","17","100.0000","44201","Ozone","41860","San Francisco-Oakland-Hayward, CA","06","California","075","San Francisco","37.765946","-122.399044"
"08/24/2014","AQS","060750005","1","0.033","ppm","31","San Francisco","17","100.0000","44201","Ozone","41860","San Francisco-Oakland-Hayward, CA","06","California","075","San Francisco","37.765946","-122.399044"
"08/25/2014","AQS","060750005","1","0.036","ppm","33","San Francisco","17","100.0000","44201","Ozone","41860","San Francisco-Oakland-Hayward, CA","06","California","075","San Francisco","37.765946","-122.399044"
"08/26/2014","AQS","060750005","1","0.033","ppm","31","San Francisco","17","100.0000","44201","Ozone","41860","San Francisco-Oakland-Hayward, CA","06","California","075","San Francisco","37.765946","-122.399044"
"08/27/2014","AQS","060750005","1","0.031","ppm","29","San Francisco","17","100.0000","44201","Ozone","41860","San Francisco-Oakland-Hayward, CA","06","California","075","San Francisco","37.765946","-122.399044"
"08/28/2014","AQS","060750005","1","0.022","ppm","20","San Francisco","17","100.0000","44201","Ozone","41860","San Francisco-Oakland-Hayward, CA","06","California","075","San Francisco","37.765946","-122.399044"
"08/29/2014","AQS","060750005","1","0.015","ppm","14","San Francisco","17","100.0000","44201","Ozone","41860","San Francisco-Oakland-Hayward, CA","06","California","075","San Francisco","37.765946","-122.399044"
"08/30/2014","AQS","060750005","1","0.023","ppm","21","San Francisco","17","100.0000","44201","Ozone","41860","San Francisco-Oakland-Hayward, CA","06","California","075","San Francisco","37.765946","-122.399044"
"08/31/2014","AQS","060750005","1","0.028","ppm","26","San Francisco","14","82.0000","44201","Ozone","41860","San Francisco-Oakland-Hayward, CA","06","California","075","San Francisco","37.765946","-122.399044"
"09/01/2014","AQS","060750005","1","0.027","ppm","25","San Francisco","17","100.0000","44201","Ozone","41860","San Francisco-Oakland-Hayward, CA","06","California","075","San Francisco","37.765946","-122.399044"
"09/02/2014","AQS","060750005","1","0.026","ppm","24","San Francisco","17","100.0000","44201","Ozone","41860","San Francisco-Oakland-Hayward, CA","06","California","075","San Francisco","37.765946","-122.399044"
"09/03/2014","AQS","060750005","1","0.029","ppm","27","San Francisco","17","100.0000","44201","Ozone","41860","San Francisco-Oakland-Hayward, CA","06","California","075","San Francisco","37.765946","-122.399044"
"09/04/2014","AQS","060750005","1","0.032","ppm","30","San Francisco","17","100.0000","44201","Ozone","41860","San Francisco-Oakland-Hayward, CA","06","California","075","San Francisco","37.765946","-122.399044"
"09/05/2014","AQS","060750005","1","0.038","ppm","35","San Francisco","17","100.0000","44201","Ozone","41860","San Francisco-Oakland-Hayward, CA","06","California","075","San Francisco","37.765946","-122.399044"
"09/06/2014","AQS","060750005","1","0.044","ppm","41","San Francisco","17","100.0000","44201","Ozone","41860","San Francisco-Oakland-Hayward, CA","06","California","075","San Francisco","37.765946","-122.399044"
"09/07/2014","AQS","060750005","1","0.045","ppm","42","San Francisco","17","100.0000","44201","Ozone","41860","San Francisco-Oakland-Hayward, CA","06","California","075","San Francisco","37.765946","-122.399044"
"09/08/2014","AQS","060750005","1","0.044","ppm","41","San Francisco","17","100.0000","44201","Ozone","41860","San Francisco-Oakland-Hayward, CA","06","California","075","San Francisco","37.765946","-122.399044"
"09/09/2014","AQS","060750005","1","0.028","ppm","26","San Francisco","17","100.0000","44201","Ozone","41860","San Francisco-Oakland-Hayward, CA","06","California","075","San Francisco","37.765946","-122.399044"
"09/10/2014","AQS","060750005","1","0.026","ppm","24","San Francisco","17","100.0000","44201","Ozone","41860","San Francisco-Oakland-Hayward, CA","06","California","075","San Francisco","37.765946","-122.399044"
"09/11/2014","AQS","060750005","1","0.032","ppm","30","San Francisco","17","100.0000","44201","Ozone","41860","San Francisco-Oakland-Hayward, CA","06","California","075","San Francisco","37.765946","-122.399044"
"09/12/2014","AQS","060750005","1","0.027","ppm","25","San Francisco","17","100.0000","44201","Ozone","41860","San Francisco-Oakland-Hayward, CA","06","California","075","San Francisco","37.765946","-122.399044"
"09/13/2014","AQS","060750005","1","0.036","ppm","33","San Francisco","17","100.0000","44201","Ozone","41860","San Francisco-Oakland-Hayward, CA","06","California","075","San Francisco","37.765946","-122.399044"
"09/14/2014","AQS","060750005","1","0.037","ppm","34","San Francisco","17","100.0000","44201","Ozone","41860","San Francisco-Oakland-Hayward, CA","06","California","075","San Francisco","37.765946","-122.399044"
"09/15/2014","AQS","060750005","1","0.032","ppm","30","San Francisco","17","100.0000","44201","Ozone","41860","San Francisco-Oakland-Hayward, CA","06","California","075","San Francisco","37.765946","-122.399044"
"09/16/2014","AQS","060750005","1","0.025","ppm","23","San Francisco","14","82.0000","44201","Ozone","41860","San Francisco-Oakland-Hayward, CA","06","California","075","San Francisco","37.765946","-122.399044"
"09/17/2014","AQS","060750005","1","0.025","ppm","23","San Francisco","17","100.0000","44201","Ozone","41860","San Francisco-Oakland-Hayward, CA","06","California","075","San Francisco","37.765946","-122.399044"
"09/18/2014","AQS","060750005","1","0.026","ppm","24","San Francisco","17","100.0000","44201","Ozone","41860","San Francisco-Oakland-Hayward, CA","06","California","075","San Francisco","37.765946","-122.399044"
"09/19/2014","AQS","060750005","1","0.029","ppm","27","San Francisco","17","100.0000","44201","Ozone","41860","San Francisco-Oakland-Hayward, CA","06","California","075","San Francisco","37.765946","-122.399044"
"09/20/2014","AQS","060750005","1","0.028","ppm","26","San Francisco","17","100.0000","44201","Ozone","41860","San Francisco-Oakland-Hayward, CA","06","California","075","San Francisco","37.765946","-122.399044"
"09/21/2014","AQS","060750005","1","0.028","ppm","26","San Francisco","17","100.0000","44201","Ozone","41860","San Francisco-Oakland-Hayward, CA","06","California","075","San Francisco","37.765946","-122.399044"
"09/22/2014","AQS","060750005","1","0.032","ppm","30","San Francisco","17","100.0000","44201","Ozone","41860","San Francisco-Oakland-Hayward, CA","06","California","075","San Francisco","37.765946","-122.399044"
"09/23/2014","AQS","060750005","1","0.019","ppm","18","San Francisco","17","100.0000","44201","Ozone","41860","San Francisco-Oakland-Hayward, CA","06","California","075","San Francisco","37.765946","-122.399044"
"09/24/2014","AQS","060750005","1","0.032","ppm","30","San Francisco","17","100.0000","44201","Ozone","41860","San Francisco-Oakland-Hayward, CA","06","California","075","San Francisco","37.765946","-122.399044"
"09/25/2014","AQS","060750005","1","0.034","ppm","31","San Francisco","17","100.0000","44201","Ozone","41860","San Francisco-Oakland-Hayward, CA","06","California","075","San Francisco","37.765946","-122.399044"
"09/26/2014","AQS","060750005","1","0.03","ppm","28","San Francisco","17","100.0000","44201","Ozone","41860","San Francisco-Oakland-Hayward, CA","06","California","075","San Francisco","37.765946","-122.399044"
"09/27/2014","AQS","060750005","1","0.025","ppm","23","San Francisco","17","100.0000","44201","Ozone","41860","San Francisco-Oakland-Hayward, CA","06","California","075","San Francisco","37.765946","-122.399044"
"09/28/2014","AQS","060750005","1","0.027","ppm","25","San Francisco","17","100.0000","44201","Ozone","41860","San Francisco-Oakland-Hayward, CA","06","California","075","San Francisco","37.765946","-122.399044"
"09/29/2014","AQS","060750005","1","0.027","ppm","25","San Francisco","17","100.0000","44201","Ozone","41860","San Francisco-Oakland-Hayward, CA","06","California","075","San Francisco","37.765946","-122.399044"
"09/30/2014","AQS","060750005","1","0.021","ppm","19","San Francisco","17","100.0000","44201","Ozone","41860","San Francisco-Oakland-Hayward, CA","06","California","075","San Francisco","37.765946","-122.399044"
"10/01/2014","AQS","060750005","1","0.032","ppm","30","San Francisco","17","100.0000","44201","Ozone","41860","San Francisco-Oakland-Hayward, CA","06","California","075","San Francisco","37.765946","-122.399044"
"10/02/2014","AQS","060750005","1","0.039","ppm","36","San Francisco","17","100.0000","44201","Ozone","41860","San Francisco-Oakland-Hayward, CA","06","California","075","San Francisco","37.765946","-122.399044"
"10/03/2014","AQS","060750005","1","0.052","ppm","48","San Francisco","17","100.0000","44201","Ozone","41860","San Francisco-Oakland-Hayward, CA","06","California","075","San Francisco","37.765946","-122.399044"
"10/04/2014","AQS","060750005","1","0.047","ppm","44","San Francisco","17","100.0000","44201","Ozone","41860","San Francisco-Oakland-Hayward, CA","06","California","075","San Francisco","37.765946","-122.399044"
"10/05/2014","AQS","060750005","1","0.034","ppm","31","San Francisco","17","100.0000","44201","Ozone","41860","San Francisco-Oakland-Hayward, CA","06","California","075","San Francisco","37.765946","-122.399044"
"10/06/2014","AQS","060750005","1","0.027","ppm","25","San Francisco","17","100.0000","44201","Ozone","41860","San Francisco-Oakland-Hayward, CA","06","California","075","San Francisco","37.765946","-122.399044"
"10/07/2014","AQS","060750005","1","0.026","ppm","24","San Francisco","17","100.0000","44201","Ozone","41860","San Francisco-Oakland-Hayward, CA","06","California","075","San Francisco","37.765946","-122.399044"
"10/08/2014","AQS","060750005","1","0.019","ppm","18","San Francisco","17","100.0000","44201","Ozone","41860","San Francisco-Oakland-Hayward, CA","06","California","075","San Francisco","37.765946","-122.399044"
"10/09/2014","AQS","060750005","1","0.033","ppm","31","San Francisco","17","100.0000","44201","Ozone","41860","San Francisco-Oakland-Hayward, CA","06","California","075","San Francisco","37.765946","-122.399044"
"10/10/2014","AQS","060750005","1","0.025","ppm","23","San Francisco","17","100.0000","44201","Ozone","41860","San Francisco-Oakland-Hayward, CA","06","California","075","San Francisco","37.765946","-122.399044"
"10/11/2014","AQS","060750005","1","0.021","ppm","19","San Francisco","17","100.0000","44201","Ozone","41860","San Francisco-Oakland-Hayward, CA","06","California","075","San Francisco","37.765946","-122.399044"
"10/12/2014","AQS","060750005","1","0.03","ppm","28","San Francisco","17","100.0000","44201","Ozone","41860","San Francisco-Oakland-Hayward, CA","06","California","075","San Francisco","37.765946","-122.399044"
"10/13/2014","AQS","060750005","1","0.036","ppm","33","San Francisco","17","100.0000","44201","Ozone","41860","San Francisco-Oakland-Hayward, CA","06","California","075","San Francisco","37.765946","-122.399044"
"10/14/2014","AQS","060750005","1","0.035","ppm","32","San Francisco","17","100.0000","44201","Ozone","41860","San Francisco-Oakland-Hayward, CA","06","California","075","San Francisco","37.765946","-122.399044"
"10/15/2014","AQS","060750005","1","0.032","ppm","30","San Francisco","17","100.0000","44201","Ozone","41860","San Francisco-Oakland-Hayward, CA","06","California","075","San Francisco","37.765946","-122.399044"
"10/16/2014","AQS","060750005","1","0.033","ppm","31","San Francisco","17","100.0000","44201","Ozone","41860","San Francisco-Oakland-Hayward, CA","06","California","075","San Francisco","37.765946","-122.399044"
"10/17/2014","AQS","060750005","1","0.029","ppm","27","San Francisco","17","100.0000","44201","Ozone","41860","San Francisco-Oakland-Hayward, CA","06","California","075","San Francisco","37.765946","-122.399044"
"10/18/2014","AQS","060750005","1","0.031","ppm","29","San Francisco","17","100.0000","44201","Ozone","41860","San Francisco-Oakland-Hayward, CA","06","California","075","San Francisco","37.765946","-122.399044"
"10/19/2014","AQS","060750005","1","0.027","ppm","25","San Francisco","17","100.0000","44201","Ozone","41860","San Francisco-Oakland-Hayward, CA","06","California","075","San Francisco","37.765946","-122.399044"
"10/20/2014","AQS","060750005","1","0.037","ppm","34","San Francisco","17","100.0000","44201","Ozone","41860","San Francisco-Oakland-Hayward, CA","06","California","075","San Francisco","37.765946","-122.399044"
"10/21/2014","AQS","060750005","1","0.034","ppm","31","San Francisco","17","100.0000","44201","Ozone","41860","San Francisco-Oakland-Hayward, CA","06","California","075","San Francisco","37.765946","-122.399044"
"10/22/2014","AQS","060750005","1","0.03","ppm","28","San Francisco","17","100.0000","44201","Ozone","41860","San Francisco-Oakland-Hayward, CA","06","California","075","San Francisco","37.765946","-122.399044"
"10/23/2014","AQS","060750005","1","0.024","ppm","22","San Francisco","17","100.0000","44201","Ozone","41860","San Francisco-Oakland-Hayward, CA","06","California","075","San Francisco","37.765946","-122.399044"
"10/24/2014","AQS","060750005","1","0.036","ppm","33","San Francisco","17","100.0000","44201","Ozone","41860","San Francisco-Oakland-Hayward, CA","06","California","075","San Francisco","37.765946","-122.399044"
"10/25/2014","AQS","060750005","1","0.038","ppm","35","San Francisco","17","100.0000","44201","Ozone","41860","San Francisco-Oakland-Hayward, CA","06","California","075","San Francisco","37.765946","-122.399044"
"10/26/2014","AQS","060750005","1","0.033","ppm","31","San Francisco","17","100.0000","44201","Ozone","41860","San Francisco-Oakland-Hayward, CA","06","California","075","San Francisco","37.765946","-122.399044"
"10/27/2014","AQS","060750005","1","0.027","ppm","25","San Francisco","17","100.0000","44201","Ozone","41860","San Francisco-Oakland-Hayward, CA","06","California","075","San Francisco","37.765946","-122.399044"
"10/28/2014","AQS","060750005","1","0.025","ppm","23","San Francisco","17","100.0000","44201","Ozone","41860","San Francisco-Oakland-Hayward, CA","06","California","075","San Francisco","37.765946","-122.399044"
"10/29/2014","AQS","060750005","1","0.026","ppm","24","San Francisco","17","100.0000","44201","Ozone","41860","San Francisco-Oakland-Hayward, CA","06","California","075","San Francisco","37.765946","-122.399044"
"10/30/2014","AQS","060750005","1","0.033","ppm","31","San Francisco","17","100.0000","44201","Ozone","41860","San Francisco-Oakland-Hayward, CA","06","California","075","San Francisco","37.765946","-122.399044"
"10/31/2014","AQS","060750005","1","0.033","ppm","31","San Francisco","17","100.0000","44201","Ozone","41860","San Francisco-Oakland-Hayward, CA","06","California","075","San Francisco","37.765946","-122.399044"
"11/01/2014","AQS","060750005","1","0.035","ppm","32","San Francisco","17","100.0000","44201","Ozone","41860","San Francisco-Oakland-Hayward, CA","06","California","075","San Francisco","37.765946","-122.399044"
"11/02/2014","AQS","060750005","1","0.028","ppm","26","San Francisco","17","100.0000","44201","Ozone","41860","San Francisco-Oakland-Hayward, CA","06","California","075","San Francisco","37.765946","-122.399044"
"11/03/2014","AQS","060750005","1","0.027","ppm","25","San Francisco","17","100.0000","44201","Ozone","41860","San Francisco-Oakland-Hayward, CA","06","California","075","San Francisco","37.765946","-122.399044"
"11/04/2014","AQS","060750005","1","0.02","ppm","19","San Francisco","17","100.0000","44201","Ozone","41860","San Francisco-Oakland-Hayward, CA","06","California","075","San Francisco","37.765946","-122.399044"
"11/05/2014","AQS","060750005","1","0.023","ppm","21","San Francisco","17","100.0000","44201","Ozone","41860","San Francisco-Oakland-Hayward, CA","06","California","075","San Francisco","37.765946","-122.399044"
"11/06/2014","AQS","060750005","1","0.023","ppm","21","San Francisco","17","100.0000","44201","Ozone","41860","San Francisco-Oakland-Hayward, CA","06","California","075","San Francisco","37.765946","-122.399044"
"11/07/2014","AQS","060750005","1","0.016","ppm","15","San Francisco","17","100.0000","44201","Ozone","41860","San Francisco-Oakland-Hayward, CA","06","California","075","San Francisco","37.765946","-122.399044"
"11/08/2014","AQS","060750005","1","0.031","ppm","29","San Francisco","17","100.0000","44201","Ozone","41860","San Francisco-Oakland-Hayward, CA","06","California","075","San Francisco","37.765946","-122.399044"
"11/09/2014","AQS","060750005","1","0.019","ppm","18","San Francisco","17","100.0000","44201","Ozone","41860","San Francisco-Oakland-Hayward, CA","06","California","075","San Francisco","37.765946","-122.399044"
"11/10/2014","AQS","060750005","1","0.03","ppm","28","San Francisco","17","100.0000","44201","Ozone","41860","San Francisco-Oakland-Hayward, CA","06","California","075","San Francisco","37.765946","-122.399044"
"11/11/2014","AQS","060750005","1","0.037","ppm","34","San Francisco","17","100.0000","44201","Ozone","41860","San Francisco-Oakland-Hayward, CA","06","California","075","San Francisco","37.765946","-122.399044"
"11/12/2014","AQS","060750005","1","0.038","ppm","35","San Francisco","17","100.0000","44201","Ozone","41860","San Francisco-Oakland-Hayward, CA","06","California","075","San Francisco","37.765946","-122.399044"
"11/13/2014","AQS","060750005","1","0.03","ppm","28","San Francisco","15","88.0000","44201","Ozone","41860","San Francisco-Oakland-Hayward, CA","06","California","075","San Francisco","37.765946","-122.399044"
"11/14/2014","AQS","060750005","1","0.03","ppm","28","San Francisco","17","100.0000","44201","Ozone","41860","San Francisco-Oakland-Hayward, CA","06","California","075","San Francisco","37.765946","-122.399044"
"11/15/2014","AQS","060750005","1","0.026","ppm","24","San Francisco","17","100.0000","44201","Ozone","41860","San Francisco-Oakland-Hayward, CA","06","California","075","San Francisco","37.765946","-122.399044"
"11/16/2014","AQS","060750005","1","0.034","ppm","31","San Francisco","17","100.0000","44201","Ozone","41860","San Francisco-Oakland-Hayward, CA","06","California","075","San Francisco","37.765946","-122.399044"
"11/17/2014","AQS","060750005","1","0.025","ppm","23","San Francisco","17","100.0000","44201","Ozone","41860","San Francisco-Oakland-Hayward, CA","06","California","075","San Francisco","37.765946","-122.399044"
"11/18/2014","AQS","060750005","1","0.014","ppm","13","San Francisco","17","100.0000","44201","Ozone","41860","San Francisco-Oakland-Hayward, CA","06","California","075","San Francisco","37.765946","-122.399044"
"11/19/2014","AQS","060750005","1","0.03","ppm","28","San Francisco","17","100.0000","44201","Ozone","41860","San Francisco-Oakland-Hayward, CA","06","California","075","San Francisco","37.765946","-122.399044"
"11/20/2014","AQS","060750005","1","0.022","ppm","20","San Francisco","17","100.0000","44201","Ozone","41860","San Francisco-Oakland-Hayward, CA","06","California","075","San Francisco","37.765946","-122.399044"
"11/21/2014","AQS","060750005","1","0.026","ppm","24","San Francisco","17","100.0000","44201","Ozone","41860","San Francisco-Oakland-Hayward, CA","06","California","075","San Francisco","37.765946","-122.399044"
"11/22/2014","AQS","060750005","1","0.032","ppm","30","San Francisco","17","100.0000","44201","Ozone","41860","San Francisco-Oakland-Hayward, CA","06","California","075","San Francisco","37.765946","-122.399044"
"11/23/2014","AQS","060750005","1","0.027","ppm","25","San Francisco","17","100.0000","44201","Ozone","41860","San Francisco-Oakland-Hayward, CA","06","California","075","San Francisco","37.765946","-122.399044"
"11/24/2014","AQS","060750005","1","0.012","ppm","11","San Francisco","17","100.0000","44201","Ozone","41860","San Francisco-Oakland-Hayward, CA","06","California","075","San Francisco","37.765946","-122.399044"
"11/26/2014","AQS","060750005","1","0.016","ppm","15","San Francisco","17","100.0000","44201","Ozone","41860","San Francisco-Oakland-Hayward, CA","06","California","075","San Francisco","37.765946","-122.399044"
"11/27/2014","AQS","060750005","1","0.019","ppm","18","San Francisco","17","100.0000","44201","Ozone","41860","San Francisco-Oakland-Hayward, CA","06","California","075","San Francisco","37.765946","-122.399044"
"11/28/2014","AQS","060750005","1","0.027","ppm","25","San Francisco","17","100.0000","44201","Ozone","41860","San Francisco-Oakland-Hayward, CA","06","California","075","San Francisco","37.765946","-122.399044"
"11/29/2014","AQS","060750005","1","0.025","ppm","23","San Francisco","17","100.0000","44201","Ozone","41860","San Francisco-Oakland-Hayward, CA","06","California","075","San Francisco","37.765946","-122.399044"
"11/30/2014","AQS","060750005","1","0.028","ppm","26","San Francisco","17","100.0000","44201","Ozone","41860","San Francisco-Oakland-Hayward, CA","06","California","075","San Francisco","37.765946","-122.399044"
"12/01/2014","AQS","060750005","1","0.013","ppm","12","San Francisco","17","100.0000","44201","Ozone","41860","San Francisco-Oakland-Hayward, CA","06","California","075","San Francisco","37.765946","-122.399044"
"12/02/2014","AQS","060750005","1","0.024","ppm","22","San Francisco","17","100.0000","44201","Ozone","41860","San Francisco-Oakland-Hayward, CA","06","California","075","San Francisco","37.765946","-122.399044"
"12/03/2014","AQS","060750005","1","0.037","ppm","34","San Francisco","17","100.0000","44201","Ozone","41860","San Francisco-Oakland-Hayward, CA","06","California","075","San Francisco","37.765946","-122.399044"
"12/04/2014","AQS","060750005","1","0.026","ppm","24","San Francisco","17","100.0000","44201","Ozone","41860","San Francisco-Oakland-Hayward, CA","06","California","075","San Francisco","37.765946","-122.399044"
"12/05/2014","AQS","060750005","1","0.028","ppm","26","San Francisco","17","100.0000","44201","Ozone","41860","San Francisco-Oakland-Hayward, CA","06","California","075","San Francisco","37.765946","-122.399044"
"12/06/2014","AQS","060750005","1","0.025","ppm","23","San Francisco","17","100.0000","44201","Ozone","41860","San Francisco-Oakland-Hayward, CA","06","California","075","San Francisco","37.765946","-122.399044"
"12/07/2014","AQS","060750005","1","0.014","ppm","13","San Francisco","17","100.0000","44201","Ozone","41860","San Francisco-Oakland-Hayward, CA","06","California","075","San Francisco","37.765946","-122.399044"
"12/08/2014","AQS","060750005","1","0.017","ppm","16","San Francisco","17","100.0000","44201","Ozone","41860","San Francisco-Oakland-Hayward, CA","06","California","075","San Francisco","37.765946","-122.399044"
"12/09/2014","AQS","060750005","1","0.003","ppm","3","San Francisco","17","100.0000","44201","Ozone","41860","San Francisco-Oakland-Hayward, CA","06","California","075","San Francisco","37.765946","-122.399044"
"12/11/2014","AQS","060750005","1","0.036","ppm","33","San Francisco","17","100.0000","44201","Ozone","41860","San Francisco-Oakland-Hayward, CA","06","California","075","San Francisco","37.765946","-122.399044"
"12/12/2014","AQS","060750005","1","0.027","ppm","25","San Francisco","17","100.0000","44201","Ozone","41860","San Francisco-Oakland-Hayward, CA","06","California","075","San Francisco","37.765946","-122.399044"
"12/13/2014","AQS","060750005","1","0.022","ppm","20","San Francisco","17","100.0000","44201","Ozone","41860","San Francisco-Oakland-Hayward, CA","06","California","075","San Francisco","37.765946","-122.399044"
"12/14/2014","AQS","060750005","1","0.023","ppm","21","San Francisco","17","100.0000","44201","Ozone","41860","San Francisco-Oakland-Hayward, CA","06","California","075","San Francisco","37.765946","-122.399044"
"12/15/2014","AQS","060750005","1","0.026","ppm","24","San Francisco","17","100.0000","44201","Ozone","41860","San Francisco-Oakland-Hayward, CA","06","California","075","San Francisco","37.765946","-122.399044"
"12/16/2014","AQS","060750005","1","0.028","ppm","26","San Francisco","17","100.0000","44201","Ozone","41860","San Francisco-Oakland-Hayward, CA","06","California","075","San Francisco","37.765946","-122.399044"
"12/17/2014","AQS","060750005","1","0.032","ppm","30","San Francisco","17","100.0000","44201","Ozone","41860","San Francisco-Oakland-Hayward, CA","06","California","075","San Francisco","37.765946","-122.399044"
"12/18/2014","AQS","060750005","1","0.023","ppm","21","San Francisco","17","100.0000","44201","Ozone","41860","San Francisco-Oakland-Hayward, CA","06","California","075","San Francisco","37.765946","-122.399044"
"12/19/2014","AQS","060750005","1","0.017","ppm","16","San Francisco","17","100.0000","44201","Ozone","41860","San Francisco-Oakland-Hayward, CA","06","California","075","San Francisco","37.765946","-122.399044"
"12/20/2014","AQS","060750005","1","0.028","ppm","26","San Francisco","17","100.0000","44201","Ozone","41860","San Francisco-Oakland-Hayward, CA","06","California","075","San Francisco","37.765946","-122.399044"
"12/21/2014","AQS","060750005","1","0.026","ppm","24","San Francisco","17","100.0000","44201","Ozone","41860","San Francisco-Oakland-Hayward, CA","06","California","075","San Francisco","37.765946","-122.399044"
"12/22/2014","AQS","060750005","1","0.01","ppm","9","San Francisco","17","100.0000","44201","Ozone","41860","San Francisco-Oakland-Hayward, CA","06","California","075","San Francisco","37.765946","-122.399044"
"12/23/2014","AQS","060750005","1","0.009","ppm","8","San Francisco","17","100.0000","44201","Ozone","41860","San Francisco-Oakland-Hayward, CA","06","California","075","San Francisco","37.765946","-122.399044"
"12/24/2014","AQS","060750005","1","0.033","ppm","31","San Francisco","17","100.0000","44201","Ozone","41860","San Francisco-Oakland-Hayward, CA","06","California","075","San Francisco","37.765946","-122.399044"
"12/25/2014","AQS","060750005","1","0.029","ppm","27","San Francisco","17","100.0000","44201","Ozone","41860","San Francisco-Oakland-Hayward, CA","06","California","075","San Francisco","37.765946","-122.399044"
"12/26/2014","AQS","060750005","1","0.029","ppm","27","San Francisco","17","100.0000","44201","Ozone","41860","San Francisco-Oakland-Hayward, CA","06","California","075","San Francisco","37.765946","-122.399044"
"12/27/2014","AQS","060750005","1","0.022","ppm","20","San Francisco","17","100.0000","44201","Ozone","41860","San Francisco-Oakland-Hayward, CA","06","California","075","San Francisco","37.765946","-122.399044"
"12/28/2014","AQS","060750005","1","0.025","ppm","23","San Francisco","17","100.0000","44201","Ozone","41860","San Francisco-Oakland-Hayward, CA","06","California","075","San Francisco","37.765946","-122.399044"
"12/29/2014","AQS","060750005","1","0.031","ppm","29","San Francisco","17","100.0000","44201","Ozone","41860","San Francisco-Oakland-Hayward, CA","06","California","075","San Francisco","37.765946","-122.399044"
"12/30/2014","AQS","060750005","1","0.029","ppm","27","San Francisco","17","100.0000","44201","Ozone","41860","San Francisco-Oakland-Hayward, CA","06","California","075","San Francisco","37.765946","-122.399044"
