Date,Source,Site ID,POC,Daily Max 8-hour CO Concentration,UNITS,DAILY_AQI_VALUE,Site Name,DAILY_OBS_COUNT,PERCENT_COMPLETE,AQS_PARAMETER_CODE,AQS_PARAMETER_DESC,CBSA_CODE,CBSA_NAME,STATE_CODE,STATE,COUNTY_CODE,COUNTY,SITE_LATITUDE,SITE_LONGITUDE
01-01-2014,AQS,60550003,1,1.1,ppm,13,Napa,18,75,42101,Carbon monoxide,34900,"Napa, CA",6,California,55,Napa,38.310942,-122.296189
01-02-2014,AQS,60550003,1,1.1,ppm,13,Napa,24,100,42101,Carbon monoxide,34900,"Napa, CA",6,California,55,Napa,38.310942,-122.296189
01-03-2014,AQS,60550003,1,1.2,ppm,14,Napa,24,100,42101,Carbon monoxide,34900,"Napa, CA",6,California,55,Napa,38.310942,-122.296189
01-04-2014,AQS,60550003,1,1.3,ppm,15,Napa,24,100,42101,Carbon monoxide,34900,"Napa, CA",6,California,55,Napa,38.310942,-122.296189
01-05-2014,AQS,60550003,1,1.4,ppm,16,Napa,24,100,42101,Carbon monoxide,34900,"Napa, CA",6,California,55,Napa,38.310942,-122.296189
01-06-2014,AQS,60550003,1,1.2,ppm,14,Napa,24,100,42101,Carbon monoxide,34900,"Napa, CA",6,California,55,Napa,38.310942,-122.296189
01-07-2014,AQS,60550003,1,1.4,ppm,16,Napa,24,100,42101,Carbon monoxide,34900,"Napa, CA",6,California,55,Napa,38.310942,-122.296189
01-08-2014,AQS,60550003,1,1.4,ppm,16,Napa,24,100,42101,Carbon monoxide,34900,"Napa, CA",6,California,55,Napa,38.310942,-122.296189
01-09-2014,AQS,60550003,1,0.9,ppm,10,Napa,24,100,42101,Carbon monoxide,34900,"Napa, CA",6,California,55,Napa,38.310942,-122.296189
01-10-2014,AQS,60550003,1,1,ppm,11,Napa,24,100,42101,Carbon monoxide,34900,"Napa, CA",6,California,55,Napa,38.310942,-122.296189
01-11-2014,AQS,60550003,1,1.1,ppm,13,Napa,24,100,42101,Carbon monoxide,34900,"Napa, CA",6,California,55,Napa,38.310942,-122.296189
01-12-2014,AQS,60550003,1,0.9,ppm,10,Napa,24,100,42101,Carbon monoxide,34900,"Napa, CA",6,California,55,Napa,38.310942,-122.296189
01/13/2014,AQS,60550003,1,0.7,ppm,8,Napa,24,100,42101,Carbon monoxide,34900,"Napa, CA",6,California,55,Napa,38.310942,-122.296189
01/14/2014,AQS,60550003,1,1,ppm,11,Napa,24,100,42101,Carbon monoxide,34900,"Napa, CA",6,California,55,Napa,38.310942,-122.296189
01/15/2014,AQS,60550003,1,1.1,ppm,13,Napa,24,100,42101,Carbon monoxide,34900,"Napa, CA",6,California,55,Napa,38.310942,-122.296189
01/16/2014,AQS,60550003,1,1.1,ppm,13,Napa,24,100,42101,Carbon monoxide,34900,"Napa, CA",6,California,55,Napa,38.310942,-122.296189
01/17/2014,AQS,60550003,1,1.2,ppm,14,Napa,24,100,42101,Carbon monoxide,34900,"Napa, CA",6,California,55,Napa,38.310942,-122.296189
01/18/2014,AQS,60550003,1,1.3,ppm,15,Napa,24,100,42101,Carbon monoxide,34900,"Napa, CA",6,California,55,Napa,38.310942,-122.296189
01/19/2014,AQS,60550003,1,1,ppm,11,Napa,24,100,42101,Carbon monoxide,34900,"Napa, CA",6,California,55,Napa,38.310942,-122.296189
01/20/2014,AQS,60550003,1,1,ppm,11,Napa,24,100,42101,Carbon monoxide,34900,"Napa, CA",6,California,55,Napa,38.310942,-122.296189
01/21/2014,AQS,60550003,1,1.2,ppm,14,Napa,24,100,42101,Carbon monoxide,34900,"Napa, CA",6,California,55,Napa,38.310942,-122.296189
01/23/2014,AQS,60550003,1,1.3,ppm,15,Napa,24,100,42101,Carbon monoxide,34900,"Napa, CA",6,California,55,Napa,38.310942,-122.296189
01/24/2014,AQS,60550003,1,1.2,ppm,14,Napa,24,100,42101,Carbon monoxide,34900,"Napa, CA",6,California,55,Napa,38.310942,-122.296189
01/25/2014,AQS,60550003,1,1.2,ppm,14,Napa,24,100,42101,Carbon monoxide,34900,"Napa, CA",6,California,55,Napa,38.310942,-122.296189
01/26/2014,AQS,60550003,1,1.1,ppm,13,Napa,24,100,42101,Carbon monoxide,34900,"Napa, CA",6,California,55,Napa,38.310942,-122.296189
01/27/2014,AQS,60550003,1,0.6,ppm,7,Napa,24,100,42101,Carbon monoxide,34900,"Napa, CA",6,California,55,Napa,38.310942,-122.296189
01/28/2014,AQS,60550003,1,0.6,ppm,7,Napa,24,100,42101,Carbon monoxide,34900,"Napa, CA",6,California,55,Napa,38.310942,-122.296189
01/29/2014,AQS,60550003,1,0.6,ppm,7,Napa,24,100,42101,Carbon monoxide,34900,"Napa, CA",6,California,55,Napa,38.310942,-122.296189
01/30/2014,AQS,60550003,1,0.5,ppm,6,Napa,24,100,42101,Carbon monoxide,34900,"Napa, CA",6,California,55,Napa,38.310942,-122.296189
01/31/2014,AQS,60550003,1,0.6,ppm,7,Napa,24,100,42101,Carbon monoxide,34900,"Napa, CA",6,California,55,Napa,38.310942,-122.296189
02-01-2014,AQS,60550003,1,0.8,ppm,9,Napa,24,100,42101,Carbon monoxide,34900,"Napa, CA",6,California,55,Napa,38.310942,-122.296189
02-02-2014,AQS,60550003,1,0.7,ppm,8,Napa,24,100,42101,Carbon monoxide,34900,"Napa, CA",6,California,55,Napa,38.310942,-122.296189
02-03-2014,AQS,60550003,1,0.6,ppm,7,Napa,24,100,42101,Carbon monoxide,34900,"Napa, CA",6,California,55,Napa,38.310942,-122.296189
02-04-2014,AQS,60550003,1,0.9,ppm,10,Napa,24,100,42101,Carbon monoxide,34900,"Napa, CA",6,California,55,Napa,38.310942,-122.296189
02-05-2014,AQS,60550003,1,1,ppm,11,Napa,24,100,42101,Carbon monoxide,34900,"Napa, CA",6,California,55,Napa,38.310942,-122.296189
02-06-2014,AQS,60550003,1,0.6,ppm,7,Napa,24,100,42101,Carbon monoxide,34900,"Napa, CA",6,California,55,Napa,38.310942,-122.296189
02-07-2014,AQS,60550003,1,0.7,ppm,8,Napa,24,100,42101,Carbon monoxide,34900,"Napa, CA",6,California,55,Napa,38.310942,-122.296189
02-08-2014,AQS,60550003,1,0.6,ppm,7,Napa,24,100,42101,Carbon monoxide,34900,"Napa, CA",6,California,55,Napa,38.310942,-122.296189
02-09-2014,AQS,60550003,1,0.5,ppm,6,Napa,24,100,42101,Carbon monoxide,34900,"Napa, CA",6,California,55,Napa,38.310942,-122.296189
02-10-2014,AQS,60550003,1,0.7,ppm,8,Napa,24,100,42101,Carbon monoxide,34900,"Napa, CA",6,California,55,Napa,38.310942,-122.296189
02-11-2014,AQS,60550003,1,0.7,ppm,8,Napa,24,100,42101,Carbon monoxide,34900,"Napa, CA",6,California,55,Napa,38.310942,-122.296189
02-12-2014,AQS,60550003,1,0.5,ppm,6,Napa,24,100,42101,Carbon monoxide,34900,"Napa, CA",6,California,55,Napa,38.310942,-122.296189
02/13/2014,AQS,60550003,1,0.8,ppm,9,Napa,24,100,42101,Carbon monoxide,34900,"Napa, CA",6,California,55,Napa,38.310942,-122.296189
02/14/2014,AQS,60550003,1,0.4,ppm,5,Napa,24,100,42101,Carbon monoxide,34900,"Napa, CA",6,California,55,Napa,38.310942,-122.296189
02/15/2014,AQS,60550003,1,0.5,ppm,6,Napa,24,100,42101,Carbon monoxide,34900,"Napa, CA",6,California,55,Napa,38.310942,-122.296189
02/16/2014,AQS,60550003,1,0.5,ppm,6,Napa,24,100,42101,Carbon monoxide,34900,"Napa, CA",6,California,55,Napa,38.310942,-122.296189
02/17/2014,AQS,60550003,1,0.7,ppm,8,Napa,24,100,42101,Carbon monoxide,34900,"Napa, CA",6,California,55,Napa,38.310942,-122.296189
02/18/2014,AQS,60550003,1,0.8,ppm,9,Napa,20,83,42101,Carbon monoxide,34900,"Napa, CA",6,California,55,Napa,38.310942,-122.296189
02/20/2014,AQS,60550003,1,0.7,ppm,8,Napa,24,100,42101,Carbon monoxide,34900,"Napa, CA",6,California,55,Napa,38.310942,-122.296189
02/21/2014,AQS,60550003,1,0.7,ppm,8,Napa,24,100,42101,Carbon monoxide,34900,"Napa, CA",6,California,55,Napa,38.310942,-122.296189
02/22/2014,AQS,60550003,1,0.6,ppm,7,Napa,24,100,42101,Carbon monoxide,34900,"Napa, CA",6,California,55,Napa,38.310942,-122.296189
02/23/2014,AQS,60550003,1,0.5,ppm,6,Napa,24,100,42101,Carbon monoxide,34900,"Napa, CA",6,California,55,Napa,38.310942,-122.296189
02/24/2014,AQS,60550003,1,0.7,ppm,8,Napa,24,100,42101,Carbon monoxide,34900,"Napa, CA",6,California,55,Napa,38.310942,-122.296189
02/25/2014,AQS,60550003,1,0.6,ppm,7,Napa,24,100,42101,Carbon monoxide,34900,"Napa, CA",6,California,55,Napa,38.310942,-122.296189
02/26/2014,AQS,60550003,1,0.6,ppm,7,Napa,24,100,42101,Carbon monoxide,34900,"Napa, CA",6,California,55,Napa,38.310942,-122.296189
02/27/2014,AQS,60550003,1,0.4,ppm,5,Napa,24,100,42101,Carbon monoxide,34900,"Napa, CA",6,California,55,Napa,38.310942,-122.296189
02/28/2014,AQS,60550003,1,0.4,ppm,5,Napa,24,100,42101,Carbon monoxide,34900,"Napa, CA",6,California,55,Napa,38.310942,-122.296189
03-02-2014,AQS,60550003,1,0.5,ppm,6,Napa,24,100,42101,Carbon monoxide,34900,"Napa, CA",6,California,55,Napa,38.310942,-122.296189
03-03-2014,AQS,60550003,1,0.6,ppm,7,Napa,24,100,42101,Carbon monoxide,34900,"Napa, CA",6,California,55,Napa,38.310942,-122.296189
03-04-2014,AQS,60550003,1,0.6,ppm,7,Napa,24,100,42101,Carbon monoxide,34900,"Napa, CA",6,California,55,Napa,38.310942,-122.296189
03-05-2014,AQS,60550003,1,0.6,ppm,7,Napa,24,100,42101,Carbon monoxide,34900,"Napa, CA",6,California,55,Napa,38.310942,-122.296189
03-06-2014,AQS,60550003,1,0.5,ppm,6,Napa,24,100,42101,Carbon monoxide,34900,"Napa, CA",6,California,55,Napa,38.310942,-122.296189
03-07-2014,AQS,60550003,1,0.6,ppm,7,Napa,24,100,42101,Carbon monoxide,34900,"Napa, CA",6,California,55,Napa,38.310942,-122.296189
03-08-2014,AQS,60550003,1,0.7,ppm,8,Napa,24,100,42101,Carbon monoxide,34900,"Napa, CA",6,California,55,Napa,38.310942,-122.296189
03-09-2014,AQS,60550003,1,0.7,ppm,8,Napa,24,100,42101,Carbon monoxide,34900,"Napa, CA",6,California,55,Napa,38.310942,-122.296189
03-10-2014,AQS,60550003,1,0.5,ppm,6,Napa,24,100,42101,Carbon monoxide,34900,"Napa, CA",6,California,55,Napa,38.310942,-122.296189
03-11-2014,AQS,60550003,1,0.3,ppm,3,Napa,24,100,42101,Carbon monoxide,34900,"Napa, CA",6,California,55,Napa,38.310942,-122.296189
03-12-2014,AQS,60550003,1,0.4,ppm,5,Napa,24,100,42101,Carbon monoxide,34900,"Napa, CA",6,California,55,Napa,38.310942,-122.296189
03/13/2014,AQS,60550003,1,0.9,ppm,10,Napa,24,100,42101,Carbon monoxide,34900,"Napa, CA",6,California,55,Napa,38.310942,-122.296189
03/14/2014,AQS,60550003,1,0.6,ppm,7,Napa,24,100,42101,Carbon monoxide,34900,"Napa, CA",6,California,55,Napa,38.310942,-122.296189
03/15/2014,AQS,60550003,1,0.6,ppm,7,Napa,24,100,42101,Carbon monoxide,34900,"Napa, CA",6,California,55,Napa,38.310942,-122.296189
03/16/2014,AQS,60550003,1,0.5,ppm,6,Napa,24,100,42101,Carbon monoxide,34900,"Napa, CA",6,California,55,Napa,38.310942,-122.296189
03/17/2014,AQS,60550003,1,0.5,ppm,6,Napa,24,100,42101,Carbon monoxide,34900,"Napa, CA",6,California,55,Napa,38.310942,-122.296189
03/18/2014,AQS,60550003,1,0.4,ppm,5,Napa,24,100,42101,Carbon monoxide,34900,"Napa, CA",6,California,55,Napa,38.310942,-122.296189
03/19/2014,AQS,60550003,1,0.5,ppm,6,Napa,24,100,42101,Carbon monoxide,34900,"Napa, CA",6,California,55,Napa,38.310942,-122.296189
03/20/2014,AQS,60550003,1,0.7,ppm,8,Napa,24,100,42101,Carbon monoxide,34900,"Napa, CA",6,California,55,Napa,38.310942,-122.296189
03/21/2014,AQS,60550003,1,0.5,ppm,6,Napa,24,100,42101,Carbon monoxide,34900,"Napa, CA",6,California,55,Napa,38.310942,-122.296189
03/22/2014,AQS,60550003,1,0.6,ppm,7,Napa,24,100,42101,Carbon monoxide,34900,"Napa, CA",6,California,55,Napa,38.310942,-122.296189
03/23/2014,AQS,60550003,1,0.6,ppm,7,Napa,24,100,42101,Carbon monoxide,34900,"Napa, CA",6,California,55,Napa,38.310942,-122.296189
03/24/2014,AQS,60550003,1,0.6,ppm,7,Napa,24,100,42101,Carbon monoxide,34900,"Napa, CA",6,California,55,Napa,38.310942,-122.296189
03/25/2014,AQS,60550003,1,0.7,ppm,8,Napa,24,100,42101,Carbon monoxide,34900,"Napa, CA",6,California,55,Napa,38.310942,-122.296189
03/26/2014,AQS,60550003,1,0.5,ppm,6,Napa,24,100,42101,Carbon monoxide,34900,"Napa, CA",6,California,55,Napa,38.310942,-122.296189
03/27/2014,AQS,60550003,1,0.6,ppm,7,Napa,24,100,42101,Carbon monoxide,34900,"Napa, CA",6,California,55,Napa,38.310942,-122.296189
03/28/2014,AQS,60550003,1,0.5,ppm,6,Napa,24,100,42101,Carbon monoxide,34900,"Napa, CA",6,California,55,Napa,38.310942,-122.296189
03/29/2014,AQS,60550003,1,0.4,ppm,5,Napa,24,100,42101,Carbon monoxide,34900,"Napa, CA",6,California,55,Napa,38.310942,-122.296189
03/30/2014,AQS,60550003,1,0.5,ppm,6,Napa,24,100,42101,Carbon monoxide,34900,"Napa, CA",6,California,55,Napa,38.310942,-122.296189
03/31/2014,AQS,60550003,1,0.7,ppm,8,Napa,24,100,42101,Carbon monoxide,34900,"Napa, CA",6,California,55,Napa,38.310942,-122.296189
04-01-2014,AQS,60550003,1,0.7,ppm,8,Napa,24,100,42101,Carbon monoxide,34900,"Napa, CA",6,California,55,Napa,38.310942,-122.296189
04-02-2014,AQS,60550003,1,0.3,ppm,3,Napa,24,100,42101,Carbon monoxide,34900,"Napa, CA",6,California,55,Napa,38.310942,-122.296189
04-03-2014,AQS,60550003,1,0.5,ppm,6,Napa,24,100,42101,Carbon monoxide,34900,"Napa, CA",6,California,55,Napa,38.310942,-122.296189
04-04-2014,AQS,60550003,1,0.4,ppm,5,Napa,24,100,42101,Carbon monoxide,34900,"Napa, CA",6,California,55,Napa,38.310942,-122.296189
04-05-2014,AQS,60550003,1,0.5,ppm,6,Napa,24,100,42101,Carbon monoxide,34900,"Napa, CA",6,California,55,Napa,38.310942,-122.296189
04-06-2014,AQS,60550003,1,0.5,ppm,6,Napa,24,100,42101,Carbon monoxide,34900,"Napa, CA",6,California,55,Napa,38.310942,-122.296189
04-07-2014,AQS,60550003,1,0.5,ppm,6,Napa,24,100,42101,Carbon monoxide,34900,"Napa, CA",6,California,55,Napa,38.310942,-122.296189
04-08-2014,AQS,60550003,1,0.5,ppm,6,Napa,24,100,42101,Carbon monoxide,34900,"Napa, CA",6,California,55,Napa,38.310942,-122.296189
04-09-2014,AQS,60550003,1,0.3,ppm,3,Napa,24,100,42101,Carbon monoxide,34900,"Napa, CA",6,California,55,Napa,38.310942,-122.296189
04-10-2014,AQS,60550003,1,0.3,ppm,3,Napa,24,100,42101,Carbon monoxide,34900,"Napa, CA",6,California,55,Napa,38.310942,-122.296189
04-11-2014,AQS,60550003,1,0.3,ppm,3,Napa,24,100,42101,Carbon monoxide,34900,"Napa, CA",6,California,55,Napa,38.310942,-122.296189
04-12-2014,AQS,60550003,1,0.3,ppm,3,Napa,24,100,42101,Carbon monoxide,34900,"Napa, CA",6,California,55,Napa,38.310942,-122.296189
04/13/2014,AQS,60550003,1,0.3,ppm,3,Napa,24,100,42101,Carbon monoxide,34900,"Napa, CA",6,California,55,Napa,38.310942,-122.296189
04/14/2014,AQS,60550003,1,0.4,ppm,5,Napa,24,100,42101,Carbon monoxide,34900,"Napa, CA",6,California,55,Napa,38.310942,-122.296189
04/15/2014,AQS,60550003,1,0.4,ppm,5,Napa,24,100,42101,Carbon monoxide,34900,"Napa, CA",6,California,55,Napa,38.310942,-122.296189
04/16/2014,AQS,60550003,1,0.5,ppm,6,Napa,24,100,42101,Carbon monoxide,34900,"Napa, CA",6,California,55,Napa,38.310942,-122.296189
04/17/2014,AQS,60550003,1,0.4,ppm,5,Napa,24,100,42101,Carbon monoxide,34900,"Napa, CA",6,California,55,Napa,38.310942,-122.296189
04/18/2014,AQS,60550003,1,0.3,ppm,3,Napa,24,100,42101,Carbon monoxide,34900,"Napa, CA",6,California,55,Napa,38.310942,-122.296189
04/19/2014,AQS,60550003,1,0.3,ppm,3,Napa,24,100,42101,Carbon monoxide,34900,"Napa, CA",6,California,55,Napa,38.310942,-122.296189
04/20/2014,AQS,60550003,1,0.3,ppm,3,Napa,24,100,42101,Carbon monoxide,34900,"Napa, CA",6,California,55,Napa,38.310942,-122.296189
04/21/2014,AQS,60550003,1,0.4,ppm,5,Napa,24,100,42101,Carbon monoxide,34900,"Napa, CA",6,California,55,Napa,38.310942,-122.296189
04/22/2014,AQS,60550003,1,0.2,ppm,2,Napa,24,100,42101,Carbon monoxide,34900,"Napa, CA",6,California,55,Napa,38.310942,-122.296189
04/23/2014,AQS,60550003,1,0.4,ppm,5,Napa,24,100,42101,Carbon monoxide,34900,"Napa, CA",6,California,55,Napa,38.310942,-122.296189
04/24/2014,AQS,60550003,1,0.4,ppm,5,Napa,24,100,42101,Carbon monoxide,34900,"Napa, CA",6,California,55,Napa,38.310942,-122.296189
04/25/2014,AQS,60550003,1,0.4,ppm,5,Napa,24,100,42101,Carbon monoxide,34900,"Napa, CA",6,California,55,Napa,38.310942,-122.296189
04/26/2014,AQS,60550003,1,0.4,ppm,5,Napa,24,100,42101,Carbon monoxide,34900,"Napa, CA",6,California,55,Napa,38.310942,-122.296189
04/27/2014,AQS,60550003,1,0.4,ppm,5,Napa,24,100,42101,Carbon monoxide,34900,"Napa, CA",6,California,55,Napa,38.310942,-122.296189
04/28/2014,AQS,60550003,1,0.5,ppm,6,Napa,24,100,42101,Carbon monoxide,34900,"Napa, CA",6,California,55,Napa,38.310942,-122.296189
04/29/2014,AQS,60550003,1,0.5,ppm,6,Napa,24,100,42101,Carbon monoxide,34900,"Napa, CA",6,California,55,Napa,38.310942,-122.296189
04/30/2014,AQS,60550003,1,0.6,ppm,7,Napa,24,100,42101,Carbon monoxide,34900,"Napa, CA",6,California,55,Napa,38.310942,-122.296189
05-01-2014,AQS,60550003,1,0.5,ppm,6,Napa,24,100,42101,Carbon monoxide,34900,"Napa, CA",6,California,55,Napa,38.310942,-122.296189
05-02-2014,AQS,60550003,1,0.5,ppm,6,Napa,24,100,42101,Carbon monoxide,34900,"Napa, CA",6,California,55,Napa,38.310942,-122.296189
05-03-2014,AQS,60550003,1,0.3,ppm,3,Napa,24,100,42101,Carbon monoxide,34900,"Napa, CA",6,California,55,Napa,38.310942,-122.296189
05-04-2014,AQS,60550003,1,0.3,ppm,3,Napa,24,100,42101,Carbon monoxide,34900,"Napa, CA",6,California,55,Napa,38.310942,-122.296189
05-05-2014,AQS,60550003,1,0.4,ppm,5,Napa,24,100,42101,Carbon monoxide,34900,"Napa, CA",6,California,55,Napa,38.310942,-122.296189
05-06-2014,AQS,60550003,1,0.3,ppm,3,Napa,24,100,42101,Carbon monoxide,34900,"Napa, CA",6,California,55,Napa,38.310942,-122.296189
05-07-2014,AQS,60550003,1,0.4,ppm,5,Napa,24,100,42101,Carbon monoxide,34900,"Napa, CA",6,California,55,Napa,38.310942,-122.296189
05-08-2014,AQS,60550003,1,0.3,ppm,3,Napa,24,100,42101,Carbon monoxide,34900,"Napa, CA",6,California,55,Napa,38.310942,-122.296189
05-09-2014,AQS,60550003,1,0.3,ppm,3,Napa,24,100,42101,Carbon monoxide,34900,"Napa, CA",6,California,55,Napa,38.310942,-122.296189
05-10-2014,AQS,60550003,1,0.4,ppm,5,Napa,24,100,42101,Carbon monoxide,34900,"Napa, CA",6,California,55,Napa,38.310942,-122.296189
05-11-2014,AQS,60550003,1,0.4,ppm,5,Napa,24,100,42101,Carbon monoxide,34900,"Napa, CA",6,California,55,Napa,38.310942,-122.296189
05-12-2014,AQS,60550003,1,0.5,ppm,6,Napa,24,100,42101,Carbon monoxide,34900,"Napa, CA",6,California,55,Napa,38.310942,-122.296189
05/13/2014,AQS,60550003,1,0.5,ppm,6,Napa,24,100,42101,Carbon monoxide,34900,"Napa, CA",6,California,55,Napa,38.310942,-122.296189
05/14/2014,AQS,60550003,1,0.5,ppm,6,Napa,24,100,42101,Carbon monoxide,34900,"Napa, CA",6,California,55,Napa,38.310942,-122.296189
05/15/2014,AQS,60550003,1,0.4,ppm,5,Napa,24,100,42101,Carbon monoxide,34900,"Napa, CA",6,California,55,Napa,38.310942,-122.296189
05/16/2014,AQS,60550003,1,0.4,ppm,5,Napa,24,100,42101,Carbon monoxide,34900,"Napa, CA",6,California,55,Napa,38.310942,-122.296189
05/17/2014,AQS,60550003,1,0.4,ppm,5,Napa,24,100,42101,Carbon monoxide,34900,"Napa, CA",6,California,55,Napa,38.310942,-122.296189
05/18/2014,AQS,60550003,1,0.3,ppm,3,Napa,24,100,42101,Carbon monoxide,34900,"Napa, CA",6,California,55,Napa,38.310942,-122.296189
05/19/2014,AQS,60550003,1,0.4,ppm,5,Napa,24,100,42101,Carbon monoxide,34900,"Napa, CA",6,California,55,Napa,38.310942,-122.296189
05/20/2014,AQS,60550003,1,0.3,ppm,3,Napa,24,100,42101,Carbon monoxide,34900,"Napa, CA",6,California,55,Napa,38.310942,-122.296189
05/21/2014,AQS,60550003,1,0.4,ppm,5,Napa,24,100,42101,Carbon monoxide,34900,"Napa, CA",6,California,55,Napa,38.310942,-122.296189
05/22/2014,AQS,60550003,1,0.4,ppm,5,Napa,24,100,42101,Carbon monoxide,34900,"Napa, CA",6,California,55,Napa,38.310942,-122.296189
05/23/2014,AQS,60550003,1,0.4,ppm,5,Napa,24,100,42101,Carbon monoxide,34900,"Napa, CA",6,California,55,Napa,38.310942,-122.296189
05/24/2014,AQS,60550003,1,0.5,ppm,6,Napa,24,100,42101,Carbon monoxide,34900,"Napa, CA",6,California,55,Napa,38.310942,-122.296189
05/25/2014,AQS,60550003,1,0.4,ppm,5,Napa,24,100,42101,Carbon monoxide,34900,"Napa, CA",6,California,55,Napa,38.310942,-122.296189
05/26/2014,AQS,60550003,1,0.4,ppm,5,Napa,24,100,42101,Carbon monoxide,34900,"Napa, CA",6,California,55,Napa,38.310942,-122.296189
05/27/2014,AQS,60550003,1,0.4,ppm,5,Napa,24,100,42101,Carbon monoxide,34900,"Napa, CA",6,California,55,Napa,38.310942,-122.296189
05/28/2014,AQS,60550003,1,0.4,ppm,5,Napa,24,100,42101,Carbon monoxide,34900,"Napa, CA",6,California,55,Napa,38.310942,-122.296189
05/29/2014,AQS,60550003,1,0.4,ppm,5,Napa,24,100,42101,Carbon monoxide,34900,"Napa, CA",6,California,55,Napa,38.310942,-122.296189
05/30/2014,AQS,60550003,1,0.4,ppm,5,Napa,24,100,42101,Carbon monoxide,34900,"Napa, CA",6,California,55,Napa,38.310942,-122.296189
05/31/2014,AQS,60550003,1,0.4,ppm,5,Napa,24,100,42101,Carbon monoxide,34900,"Napa, CA",6,California,55,Napa,38.310942,-122.296189
06-01-2014,AQS,60550003,1,0.4,ppm,5,Napa,24,100,42101,Carbon monoxide,34900,"Napa, CA",6,California,55,Napa,38.310942,-122.296189
06-02-2014,AQS,60550003,1,0.4,ppm,5,Napa,24,100,42101,Carbon monoxide,34900,"Napa, CA",6,California,55,Napa,38.310942,-122.296189
06-03-2014,AQS,60550003,1,0.4,ppm,5,Napa,24,100,42101,Carbon monoxide,34900,"Napa, CA",6,California,55,Napa,38.310942,-122.296189
06-05-2014,AQS,60550003,1,0.4,ppm,5,Napa,24,100,42101,Carbon monoxide,34900,"Napa, CA",6,California,55,Napa,38.310942,-122.296189
06-06-2014,AQS,60550003,1,0.4,ppm,5,Napa,24,100,42101,Carbon monoxide,34900,"Napa, CA",6,California,55,Napa,38.310942,-122.296189
06-07-2014,AQS,60550003,1,0.4,ppm,5,Napa,24,100,42101,Carbon monoxide,34900,"Napa, CA",6,California,55,Napa,38.310942,-122.296189
06-08-2014,AQS,60550003,1,0.4,ppm,5,Napa,24,100,42101,Carbon monoxide,34900,"Napa, CA",6,California,55,Napa,38.310942,-122.296189
06-09-2014,AQS,60550003,1,0.5,ppm,6,Napa,24,100,42101,Carbon monoxide,34900,"Napa, CA",6,California,55,Napa,38.310942,-122.296189
06-10-2014,AQS,60550003,1,0.4,ppm,5,Napa,24,100,42101,Carbon monoxide,34900,"Napa, CA",6,California,55,Napa,38.310942,-122.296189
06-11-2014,AQS,60550003,1,0.4,ppm,5,Napa,24,100,42101,Carbon monoxide,34900,"Napa, CA",6,California,55,Napa,38.310942,-122.296189
06-12-2014,AQS,60550003,1,0.4,ppm,5,Napa,24,100,42101,Carbon monoxide,34900,"Napa, CA",6,California,55,Napa,38.310942,-122.296189
06/13/2014,AQS,60550003,1,0.4,ppm,5,Napa,24,100,42101,Carbon monoxide,34900,"Napa, CA",6,California,55,Napa,38.310942,-122.296189
06/14/2014,AQS,60550003,1,0.4,ppm,5,Napa,24,100,42101,Carbon monoxide,34900,"Napa, CA",6,California,55,Napa,38.310942,-122.296189
06/15/2014,AQS,60550003,1,0.4,ppm,5,Napa,24,100,42101,Carbon monoxide,34900,"Napa, CA",6,California,55,Napa,38.310942,-122.296189
06/16/2014,AQS,60550003,1,0.4,ppm,5,Napa,24,100,42101,Carbon monoxide,34900,"Napa, CA",6,California,55,Napa,38.310942,-122.296189
06/17/2014,AQS,60550003,1,0.5,ppm,6,Napa,24,100,42101,Carbon monoxide,34900,"Napa, CA",6,California,55,Napa,38.310942,-122.296189
06/18/2014,AQS,60550003,1,0.5,ppm,6,Napa,22,92,42101,Carbon monoxide,34900,"Napa, CA",6,California,55,Napa,38.310942,-122.296189
06/19/2014,AQS,60550003,1,0.3,ppm,3,Napa,24,100,42101,Carbon monoxide,34900,"Napa, CA",6,California,55,Napa,38.310942,-122.296189
06/20/2014,AQS,60550003,1,0.3,ppm,3,Napa,24,100,42101,Carbon monoxide,34900,"Napa, CA",6,California,55,Napa,38.310942,-122.296189
06/21/2014,AQS,60550003,1,0.3,ppm,3,Napa,24,100,42101,Carbon monoxide,34900,"Napa, CA",6,California,55,Napa,38.310942,-122.296189
06/22/2014,AQS,60550003,1,0.3,ppm,3,Napa,24,100,42101,Carbon monoxide,34900,"Napa, CA",6,California,55,Napa,38.310942,-122.296189
06/23/2014,AQS,60550003,1,0.4,ppm,5,Napa,24,100,42101,Carbon monoxide,34900,"Napa, CA",6,California,55,Napa,38.310942,-122.296189
06/24/2014,AQS,60550003,1,0.4,ppm,5,Napa,24,100,42101,Carbon monoxide,34900,"Napa, CA",6,California,55,Napa,38.310942,-122.296189
06/25/2014,AQS,60550003,1,0.4,ppm,5,Napa,24,100,42101,Carbon monoxide,34900,"Napa, CA",6,California,55,Napa,38.310942,-122.296189
06/26/2014,AQS,60550003,1,0.3,ppm,3,Napa,24,100,42101,Carbon monoxide,34900,"Napa, CA",6,California,55,Napa,38.310942,-122.296189
06/27/2014,AQS,60550003,1,0.3,ppm,3,Napa,24,100,42101,Carbon monoxide,34900,"Napa, CA",6,California,55,Napa,38.310942,-122.296189
06/28/2014,AQS,60550003,1,0.4,ppm,5,Napa,24,100,42101,Carbon monoxide,34900,"Napa, CA",6,California,55,Napa,38.310942,-122.296189
06/29/2014,AQS,60550003,1,0.4,ppm,5,Napa,24,100,42101,Carbon monoxide,34900,"Napa, CA",6,California,55,Napa,38.310942,-122.296189
06/30/2014,AQS,60550003,1,0.5,ppm,6,Napa,24,100,42101,Carbon monoxide,34900,"Napa, CA",6,California,55,Napa,38.310942,-122.296189
07-01-2014,AQS,60550003,1,0.4,ppm,5,Napa,24,100,42101,Carbon monoxide,34900,"Napa, CA",6,California,55,Napa,38.310942,-122.296189
07-02-2014,AQS,60550003,1,0.4,ppm,5,Napa,24,100,42101,Carbon monoxide,34900,"Napa, CA",6,California,55,Napa,38.310942,-122.296189
07-03-2014,AQS,60550003,1,0.4,ppm,5,Napa,24,100,42101,Carbon monoxide,34900,"Napa, CA",6,California,55,Napa,38.310942,-122.296189
07-04-2014,AQS,60550003,1,0.4,ppm,5,Napa,24,100,42101,Carbon monoxide,34900,"Napa, CA",6,California,55,Napa,38.310942,-122.296189
07-05-2014,AQS,60550003,1,0.4,ppm,5,Napa,24,100,42101,Carbon monoxide,34900,"Napa, CA",6,California,55,Napa,38.310942,-122.296189
07-06-2014,AQS,60550003,1,0.4,ppm,5,Napa,24,100,42101,Carbon monoxide,34900,"Napa, CA",6,California,55,Napa,38.310942,-122.296189
07-07-2014,AQS,60550003,1,0.4,ppm,5,Napa,24,100,42101,Carbon monoxide,34900,"Napa, CA",6,California,55,Napa,38.310942,-122.296189
07-08-2014,AQS,60550003,1,0.4,ppm,5,Napa,24,100,42101,Carbon monoxide,34900,"Napa, CA",6,California,55,Napa,38.310942,-122.296189
07-09-2014,AQS,60550003,1,0.4,ppm,5,Napa,24,100,42101,Carbon monoxide,34900,"Napa, CA",6,California,55,Napa,38.310942,-122.296189
07-10-2014,AQS,60550003,1,0.4,ppm,5,Napa,24,100,42101,Carbon monoxide,34900,"Napa, CA",6,California,55,Napa,38.310942,-122.296189
07-11-2014,AQS,60550003,1,0.4,ppm,5,Napa,24,100,42101,Carbon monoxide,34900,"Napa, CA",6,California,55,Napa,38.310942,-122.296189
07-12-2014,AQS,60550003,1,0.4,ppm,5,Napa,24,100,42101,Carbon monoxide,34900,"Napa, CA",6,California,55,Napa,38.310942,-122.296189
07/13/2014,AQS,60550003,1,0.4,ppm,5,Napa,24,100,42101,Carbon monoxide,34900,"Napa, CA",6,California,55,Napa,38.310942,-122.296189
07/14/2014,AQS,60550003,1,0.5,ppm,6,Napa,24,100,42101,Carbon monoxide,34900,"Napa, CA",6,California,55,Napa,38.310942,-122.296189
07/15/2014,AQS,60550003,1,0.5,ppm,6,Napa,24,100,42101,Carbon monoxide,34900,"Napa, CA",6,California,55,Napa,38.310942,-122.296189
07/16/2014,AQS,60550003,1,0.4,ppm,5,Napa,24,100,42101,Carbon monoxide,34900,"Napa, CA",6,California,55,Napa,38.310942,-122.296189
07/17/2014,AQS,60550003,1,0.4,ppm,5,Napa,24,100,42101,Carbon monoxide,34900,"Napa, CA",6,California,55,Napa,38.310942,-122.296189
07/18/2014,AQS,60550003,1,0.4,ppm,5,Napa,24,100,42101,Carbon monoxide,34900,"Napa, CA",6,California,55,Napa,38.310942,-122.296189
07/19/2014,AQS,60550003,1,0.4,ppm,5,Napa,24,100,42101,Carbon monoxide,34900,"Napa, CA",6,California,55,Napa,38.310942,-122.296189
07/20/2014,AQS,60550003,1,0.4,ppm,5,Napa,24,100,42101,Carbon monoxide,34900,"Napa, CA",6,California,55,Napa,38.310942,-122.296189
07/21/2014,AQS,60550003,1,0.4,ppm,5,Napa,24,100,42101,Carbon monoxide,34900,"Napa, CA",6,California,55,Napa,38.310942,-122.296189
07/22/2014,AQS,60550003,1,0.4,ppm,5,Napa,24,100,42101,Carbon monoxide,34900,"Napa, CA",6,California,55,Napa,38.310942,-122.296189
07/23/2014,AQS,60550003,1,0.4,ppm,5,Napa,24,100,42101,Carbon monoxide,34900,"Napa, CA",6,California,55,Napa,38.310942,-122.296189
07/24/2014,AQS,60550003,1,0.5,ppm,6,Napa,24,100,42101,Carbon monoxide,34900,"Napa, CA",6,California,55,Napa,38.310942,-122.296189
07/25/2014,AQS,60550003,1,0.5,ppm,6,Napa,24,100,42101,Carbon monoxide,34900,"Napa, CA",6,California,55,Napa,38.310942,-122.296189
07/26/2014,AQS,60550003,1,0.5,ppm,6,Napa,24,100,42101,Carbon monoxide,34900,"Napa, CA",6,California,55,Napa,38.310942,-122.296189
07/27/2014,AQS,60550003,1,0.5,ppm,6,Napa,24,100,42101,Carbon monoxide,34900,"Napa, CA",6,California,55,Napa,38.310942,-122.296189
07/28/2014,AQS,60550003,1,0.5,ppm,6,Napa,24,100,42101,Carbon monoxide,34900,"Napa, CA",6,California,55,Napa,38.310942,-122.296189
07/29/2014,AQS,60550003,1,0.5,ppm,6,Napa,24,100,42101,Carbon monoxide,34900,"Napa, CA",6,California,55,Napa,38.310942,-122.296189
07/30/2014,AQS,60550003,1,0.5,ppm,6,Napa,24,100,42101,Carbon monoxide,34900,"Napa, CA",6,California,55,Napa,38.310942,-122.296189
07/31/2014,AQS,60550003,1,0.5,ppm,6,Napa,24,100,42101,Carbon monoxide,34900,"Napa, CA",6,California,55,Napa,38.310942,-122.296189
08-01-2014,AQS,60550003,1,0.6,ppm,7,Napa,24,100,42101,Carbon monoxide,34900,"Napa, CA",6,California,55,Napa,38.310942,-122.296189
08-02-2014,AQS,60550003,1,0.5,ppm,6,Napa,24,100,42101,Carbon monoxide,34900,"Napa, CA",6,California,55,Napa,38.310942,-122.296189
08-03-2014,AQS,60550003,1,0.5,ppm,6,Napa,24,100,42101,Carbon monoxide,34900,"Napa, CA",6,California,55,Napa,38.310942,-122.296189
08-04-2014,AQS,60550003,1,0.5,ppm,6,Napa,24,100,42101,Carbon monoxide,34900,"Napa, CA",6,California,55,Napa,38.310942,-122.296189
08-05-2014,AQS,60550003,1,0.6,ppm,7,Napa,24,100,42101,Carbon monoxide,34900,"Napa, CA",6,California,55,Napa,38.310942,-122.296189
08-06-2014,AQS,60550003,1,0.6,ppm,7,Napa,24,100,42101,Carbon monoxide,34900,"Napa, CA",6,California,55,Napa,38.310942,-122.296189
08-08-2014,AQS,60550003,1,0.5,ppm,6,Napa,24,100,42101,Carbon monoxide,34900,"Napa, CA",6,California,55,Napa,38.310942,-122.296189
08-09-2014,AQS,60550003,1,0.5,ppm,6,Napa,24,100,42101,Carbon monoxide,34900,"Napa, CA",6,California,55,Napa,38.310942,-122.296189
08-10-2014,AQS,60550003,1,0.5,ppm,6,Napa,24,100,42101,Carbon monoxide,34900,"Napa, CA",6,California,55,Napa,38.310942,-122.296189
08-11-2014,AQS,60550003,1,0.6,ppm,7,Napa,24,100,42101,Carbon monoxide,34900,"Napa, CA",6,California,55,Napa,38.310942,-122.296189
08-12-2014,AQS,60550003,1,0.5,ppm,6,Napa,24,100,42101,Carbon monoxide,34900,"Napa, CA",6,California,55,Napa,38.310942,-122.296189
08/13/2014,AQS,60550003,1,0.5,ppm,6,Napa,24,100,42101,Carbon monoxide,34900,"Napa, CA",6,California,55,Napa,38.310942,-122.296189
08/14/2014,AQS,60550003,1,0.5,ppm,6,Napa,24,100,42101,Carbon monoxide,34900,"Napa, CA",6,California,55,Napa,38.310942,-122.296189
08/15/2014,AQS,60550003,1,0.6,ppm,7,Napa,24,100,42101,Carbon monoxide,34900,"Napa, CA",6,California,55,Napa,38.310942,-122.296189
08/16/2014,AQS,60550003,1,0.6,ppm,7,Napa,24,100,42101,Carbon monoxide,34900,"Napa, CA",6,California,55,Napa,38.310942,-122.296189
08/17/2014,AQS,60550003,1,0.5,ppm,6,Napa,24,100,42101,Carbon monoxide,34900,"Napa, CA",6,California,55,Napa,38.310942,-122.296189
08/18/2014,AQS,60550003,1,0.6,ppm,7,Napa,24,100,42101,Carbon monoxide,34900,"Napa, CA",6,California,55,Napa,38.310942,-122.296189
08/19/2014,AQS,60550003,1,0.5,ppm,6,Napa,24,100,42101,Carbon monoxide,34900,"Napa, CA",6,California,55,Napa,38.310942,-122.296189
08/20/2014,AQS,60550003,1,0.5,ppm,6,Napa,24,100,42101,Carbon monoxide,34900,"Napa, CA",6,California,55,Napa,38.310942,-122.296189
08/22/2014,AQS,60550003,1,0.3,ppm,3,Napa,24,100,42101,Carbon monoxide,34900,"Napa, CA",6,California,55,Napa,38.310942,-122.296189
08/23/2014,AQS,60550003,1,0.3,ppm,3,Napa,24,100,42101,Carbon monoxide,34900,"Napa, CA",6,California,55,Napa,38.310942,-122.296189
08/25/2014,AQS,60550003,1,0.4,ppm,5,Napa,24,100,42101,Carbon monoxide,34900,"Napa, CA",6,California,55,Napa,38.310942,-122.296189
08/26/2014,AQS,60550003,1,0.4,ppm,5,Napa,24,100,42101,Carbon monoxide,34900,"Napa, CA",6,California,55,Napa,38.310942,-122.296189
08/27/2014,AQS,60550003,1,0.5,ppm,6,Napa,24,100,42101,Carbon monoxide,34900,"Napa, CA",6,California,55,Napa,38.310942,-122.296189
08/28/2014,AQS,60550003,1,0.4,ppm,5,Napa,24,100,42101,Carbon monoxide,34900,"Napa, CA",6,California,55,Napa,38.310942,-122.296189
08/29/2014,AQS,60550003,1,0.4,ppm,5,Napa,24,100,42101,Carbon monoxide,34900,"Napa, CA",6,California,55,Napa,38.310942,-122.296189
08/30/2014,AQS,60550003,1,0.5,ppm,6,Napa,24,100,42101,Carbon monoxide,34900,"Napa, CA",6,California,55,Napa,38.310942,-122.296189
08/31/2014,AQS,60550003,1,0.5,ppm,6,Napa,24,100,42101,Carbon monoxide,34900,"Napa, CA",6,California,55,Napa,38.310942,-122.296189
09-02-2014,AQS,60550003,1,0.5,ppm,6,Napa,24,100,42101,Carbon monoxide,34900,"Napa, CA",6,California,55,Napa,38.310942,-122.296189
09-03-2014,AQS,60550003,1,0.5,ppm,6,Napa,24,100,42101,Carbon monoxide,34900,"Napa, CA",6,California,55,Napa,38.310942,-122.296189
09-04-2014,AQS,60550003,1,0.5,ppm,6,Napa,24,100,42101,Carbon monoxide,34900,"Napa, CA",6,California,55,Napa,38.310942,-122.296189
09-05-2014,AQS,60550003,1,0.6,ppm,7,Napa,24,100,42101,Carbon monoxide,34900,"Napa, CA",6,California,55,Napa,38.310942,-122.296189
09-06-2014,AQS,60550003,1,0.6,ppm,7,Napa,24,100,42101,Carbon monoxide,34900,"Napa, CA",6,California,55,Napa,38.310942,-122.296189
09-07-2014,AQS,60550003,1,0.4,ppm,5,Napa,24,100,42101,Carbon monoxide,34900,"Napa, CA",6,California,55,Napa,38.310942,-122.296189
09-08-2014,AQS,60550003,1,0.5,ppm,6,Napa,24,100,42101,Carbon monoxide,34900,"Napa, CA",6,California,55,Napa,38.310942,-122.296189
09-09-2014,AQS,60550003,1,0.4,ppm,5,Napa,24,100,42101,Carbon monoxide,34900,"Napa, CA",6,California,55,Napa,38.310942,-122.296189
09-10-2014,AQS,60550003,1,0.6,ppm,7,Napa,24,100,42101,Carbon monoxide,34900,"Napa, CA",6,California,55,Napa,38.310942,-122.296189
09-11-2014,AQS,60550003,1,0.6,ppm,7,Napa,24,100,42101,Carbon monoxide,34900,"Napa, CA",6,California,55,Napa,38.310942,-122.296189
09-12-2014,AQS,60550003,1,0.6,ppm,7,Napa,24,100,42101,Carbon monoxide,34900,"Napa, CA",6,California,55,Napa,38.310942,-122.296189
09/13/2014,AQS,60550003,1,0.5,ppm,6,Napa,24,100,42101,Carbon monoxide,34900,"Napa, CA",6,California,55,Napa,38.310942,-122.296189
09/14/2014,AQS,60550003,1,0.4,ppm,5,Napa,24,100,42101,Carbon monoxide,34900,"Napa, CA",6,California,55,Napa,38.310942,-122.296189
09/15/2014,AQS,60550003,1,0.5,ppm,6,Napa,24,100,42101,Carbon monoxide,34900,"Napa, CA",6,California,55,Napa,38.310942,-122.296189
09/16/2014,AQS,60550003,1,0.5,ppm,6,Napa,24,100,42101,Carbon monoxide,34900,"Napa, CA",6,California,55,Napa,38.310942,-122.296189
09/17/2014,AQS,60550003,1,0.5,ppm,6,Napa,24,100,42101,Carbon monoxide,34900,"Napa, CA",6,California,55,Napa,38.310942,-122.296189
09/18/2014,AQS,60550003,1,0.4,ppm,5,Napa,24,100,42101,Carbon monoxide,34900,"Napa, CA",6,California,55,Napa,38.310942,-122.296189
09/19/2014,AQS,60550003,1,0.5,ppm,6,Napa,24,100,42101,Carbon monoxide,34900,"Napa, CA",6,California,55,Napa,38.310942,-122.296189
09/20/2014,AQS,60550003,1,0.4,ppm,5,Napa,24,100,42101,Carbon monoxide,34900,"Napa, CA",6,California,55,Napa,38.310942,-122.296189
09/21/2014,AQS,60550003,1,0.4,ppm,5,Napa,24,100,42101,Carbon monoxide,34900,"Napa, CA",6,California,55,Napa,38.310942,-122.296189
09/22/2014,AQS,60550003,1,0.4,ppm,5,Napa,24,100,42101,Carbon monoxide,34900,"Napa, CA",6,California,55,Napa,38.310942,-122.296189
09/23/2014,AQS,60550003,1,0.5,ppm,6,Napa,24,100,42101,Carbon monoxide,34900,"Napa, CA",6,California,55,Napa,38.310942,-122.296189
09/24/2014,AQS,60550003,1,0.5,ppm,6,Napa,24,100,42101,Carbon monoxide,34900,"Napa, CA",6,California,55,Napa,38.310942,-122.296189
09/25/2014,AQS,60550003,1,0.5,ppm,6,Napa,24,100,42101,Carbon monoxide,34900,"Napa, CA",6,California,55,Napa,38.310942,-122.296189
09/26/2014,AQS,60550003,1,0.6,ppm,7,Napa,24,100,42101,Carbon monoxide,34900,"Napa, CA",6,California,55,Napa,38.310942,-122.296189
09/27/2014,AQS,60550003,1,0.6,ppm,7,Napa,24,100,42101,Carbon monoxide,34900,"Napa, CA",6,California,55,Napa,38.310942,-122.296189
09/28/2014,AQS,60550003,1,0.4,ppm,5,Napa,24,100,42101,Carbon monoxide,34900,"Napa, CA",6,California,55,Napa,38.310942,-122.296189
09/29/2014,AQS,60550003,1,0.4,ppm,5,Napa,24,100,42101,Carbon monoxide,34900,"Napa, CA",6,California,55,Napa,38.310942,-122.296189
09/30/2014,AQS,60550003,1,0.5,ppm,6,Napa,24,100,42101,Carbon monoxide,34900,"Napa, CA",6,California,55,Napa,38.310942,-122.296189
10-01-2014,AQS,60550003,1,0.5,ppm,6,Napa,24,100,42101,Carbon monoxide,34900,"Napa, CA",6,California,55,Napa,38.310942,-122.296189
10-02-2014,AQS,60550003,1,0.7,ppm,8,Napa,24,100,42101,Carbon monoxide,34900,"Napa, CA",6,California,55,Napa,38.310942,-122.296189
10-03-2014,AQS,60550003,1,0.8,ppm,9,Napa,24,100,42101,Carbon monoxide,34900,"Napa, CA",6,California,55,Napa,38.310942,-122.296189
10-04-2014,AQS,60550003,1,0.8,ppm,9,Napa,24,100,42101,Carbon monoxide,34900,"Napa, CA",6,California,55,Napa,38.310942,-122.296189
10-05-2014,AQS,60550003,1,0.7,ppm,8,Napa,24,100,42101,Carbon monoxide,34900,"Napa, CA",6,California,55,Napa,38.310942,-122.296189
10-06-2014,AQS,60550003,1,0.7,ppm,8,Napa,24,100,42101,Carbon monoxide,34900,"Napa, CA",6,California,55,Napa,38.310942,-122.296189
10-07-2014,AQS,60550003,1,0.6,ppm,7,Napa,24,100,42101,Carbon monoxide,34900,"Napa, CA",6,California,55,Napa,38.310942,-122.296189
10-09-2014,AQS,60550003,1,0.5,ppm,6,Napa,24,100,42101,Carbon monoxide,34900,"Napa, CA",6,California,55,Napa,38.310942,-122.296189
10-10-2014,AQS,60550003,1,0.3,ppm,3,Napa,24,100,42101,Carbon monoxide,34900,"Napa, CA",6,California,55,Napa,38.310942,-122.296189
10-11-2014,AQS,60550003,1,0.4,ppm,5,Napa,24,100,42101,Carbon monoxide,34900,"Napa, CA",6,California,55,Napa,38.310942,-122.296189
10-12-2014,AQS,60550003,1,0.5,ppm,6,Napa,24,100,42101,Carbon monoxide,34900,"Napa, CA",6,California,55,Napa,38.310942,-122.296189
10/13/2014,AQS,60550003,1,0.6,ppm,7,Napa,24,100,42101,Carbon monoxide,34900,"Napa, CA",6,California,55,Napa,38.310942,-122.296189
10/14/2014,AQS,60550003,1,0.4,ppm,5,Napa,24,100,42101,Carbon monoxide,34900,"Napa, CA",6,California,55,Napa,38.310942,-122.296189
10/15/2014,AQS,60550003,1,0.4,ppm,5,Napa,24,100,42101,Carbon monoxide,34900,"Napa, CA",6,California,55,Napa,38.310942,-122.296189
10/16/2014,AQS,60550003,1,0.5,ppm,6,Napa,24,100,42101,Carbon monoxide,34900,"Napa, CA",6,California,55,Napa,38.310942,-122.296189
10/17/2014,AQS,60550003,1,0.4,ppm,5,Napa,24,100,42101,Carbon monoxide,34900,"Napa, CA",6,California,55,Napa,38.310942,-122.296189
10/18/2014,AQS,60550003,1,0.5,ppm,6,Napa,24,100,42101,Carbon monoxide,34900,"Napa, CA",6,California,55,Napa,38.310942,-122.296189
10/19/2014,AQS,60550003,1,0.6,ppm,7,Napa,24,100,42101,Carbon monoxide,34900,"Napa, CA",6,California,55,Napa,38.310942,-122.296189
10/20/2014,AQS,60550003,1,0.5,ppm,6,Napa,24,100,42101,Carbon monoxide,34900,"Napa, CA",6,California,55,Napa,38.310942,-122.296189
10/21/2014,AQS,60550003,1,0.4,ppm,5,Napa,24,100,42101,Carbon monoxide,34900,"Napa, CA",6,California,55,Napa,38.310942,-122.296189
10/22/2014,AQS,60550003,1,0.5,ppm,6,Napa,24,100,42101,Carbon monoxide,34900,"Napa, CA",6,California,55,Napa,38.310942,-122.296189
10/23/2014,AQS,60550003,1,0.6,ppm,7,Napa,24,100,42101,Carbon monoxide,34900,"Napa, CA",6,California,55,Napa,38.310942,-122.296189
10/24/2014,AQS,60550003,1,0.7,ppm,8,Napa,24,100,42101,Carbon monoxide,34900,"Napa, CA",6,California,55,Napa,38.310942,-122.296189
10/25/2014,AQS,60550003,1,0.4,ppm,5,Napa,24,100,42101,Carbon monoxide,34900,"Napa, CA",6,California,55,Napa,38.310942,-122.296189
10/26/2014,AQS,60550003,1,0.5,ppm,6,Napa,24,100,42101,Carbon monoxide,34900,"Napa, CA",6,California,55,Napa,38.310942,-122.296189
10/27/2014,AQS,60550003,1,0.8,ppm,9,Napa,24,100,42101,Carbon monoxide,34900,"Napa, CA",6,California,55,Napa,38.310942,-122.296189
10/28/2014,AQS,60550003,1,0.6,ppm,7,Napa,24,100,42101,Carbon monoxide,34900,"Napa, CA",6,California,55,Napa,38.310942,-122.296189
10/29/2014,AQS,60550003,1,0.7,ppm,8,Napa,24,100,42101,Carbon monoxide,34900,"Napa, CA",6,California,55,Napa,38.310942,-122.296189
10/30/2014,AQS,60550003,1,0.8,ppm,9,Napa,24,100,42101,Carbon monoxide,34900,"Napa, CA",6,California,55,Napa,38.310942,-122.296189
10/31/2014,AQS,60550003,1,0.6,ppm,7,Napa,24,100,42101,Carbon monoxide,34900,"Napa, CA",6,California,55,Napa,38.310942,-122.296189
11-01-2014,AQS,60550003,1,0.6,ppm,7,Napa,24,100,42101,Carbon monoxide,34900,"Napa, CA",6,California,55,Napa,38.310942,-122.296189
11-02-2014,AQS,60550003,1,0.7,ppm,8,Napa,24,100,42101,Carbon monoxide,34900,"Napa, CA",6,California,55,Napa,38.310942,-122.296189
11-03-2014,AQS,60550003,1,0.7,ppm,8,Napa,24,100,42101,Carbon monoxide,34900,"Napa, CA",6,California,55,Napa,38.310942,-122.296189
11-04-2014,AQS,60550003,1,0.8,ppm,9,Napa,24,100,42101,Carbon monoxide,34900,"Napa, CA",6,California,55,Napa,38.310942,-122.296189
11-05-2014,AQS,60550003,1,0.8,ppm,9,Napa,24,100,42101,Carbon monoxide,34900,"Napa, CA",6,California,55,Napa,38.310942,-122.296189
11-06-2014,AQS,60550003,1,0.8,ppm,9,Napa,24,100,42101,Carbon monoxide,34900,"Napa, CA",6,California,55,Napa,38.310942,-122.296189
11-07-2014,AQS,60550003,1,0.9,ppm,10,Napa,24,100,42101,Carbon monoxide,34900,"Napa, CA",6,California,55,Napa,38.310942,-122.296189
11-08-2014,AQS,60550003,1,1.1,ppm,13,Napa,24,100,42101,Carbon monoxide,34900,"Napa, CA",6,California,55,Napa,38.310942,-122.296189
11-09-2014,AQS,60550003,1,1.2,ppm,14,Napa,24,100,42101,Carbon monoxide,34900,"Napa, CA",6,California,55,Napa,38.310942,-122.296189
11-10-2014,AQS,60550003,1,0.8,ppm,9,Napa,24,100,42101,Carbon monoxide,34900,"Napa, CA",6,California,55,Napa,38.310942,-122.296189
11-11-2014,AQS,60550003,1,0.6,ppm,7,Napa,24,100,42101,Carbon monoxide,34900,"Napa, CA",6,California,55,Napa,38.310942,-122.296189
11-12-2014,AQS,60550003,1,0.7,ppm,8,Napa,24,100,42101,Carbon monoxide,34900,"Napa, CA",6,California,55,Napa,38.310942,-122.296189
11/13/2014,AQS,60550003,1,0.7,ppm,8,Napa,24,100,42101,Carbon monoxide,34900,"Napa, CA",6,California,55,Napa,38.310942,-122.296189
11/14/2014,AQS,60550003,1,0.7,ppm,8,Napa,24,100,42101,Carbon monoxide,34900,"Napa, CA",6,California,55,Napa,38.310942,-122.296189
11/15/2014,AQS,60550003,1,0.7,ppm,8,Napa,24,100,42101,Carbon monoxide,34900,"Napa, CA",6,California,55,Napa,38.310942,-122.296189
11/16/2014,AQS,60550003,1,0.8,ppm,9,Napa,24,100,42101,Carbon monoxide,34900,"Napa, CA",6,California,55,Napa,38.310942,-122.296189
11/17/2014,AQS,60550003,1,1.1,ppm,13,Napa,24,100,42101,Carbon monoxide,34900,"Napa, CA",6,California,55,Napa,38.310942,-122.296189
11/18/2014,AQS,60550003,1,0.9,ppm,10,Napa,24,100,42101,Carbon monoxide,34900,"Napa, CA",6,California,55,Napa,38.310942,-122.296189
11/19/2014,AQS,60550003,1,0.9,ppm,10,Napa,24,100,42101,Carbon monoxide,34900,"Napa, CA",6,California,55,Napa,38.310942,-122.296189
11/20/2014,AQS,60550003,1,0.7,ppm,8,Napa,24,100,42101,Carbon monoxide,34900,"Napa, CA",6,California,55,Napa,38.310942,-122.296189
11/21/2014,AQS,60550003,1,0.7,ppm,8,Napa,24,100,42101,Carbon monoxide,34900,"Napa, CA",6,California,55,Napa,38.310942,-122.296189
11/22/2014,AQS,60550003,1,0.8,ppm,9,Napa,24,100,42101,Carbon monoxide,34900,"Napa, CA",6,California,55,Napa,38.310942,-122.296189
11/23/2014,AQS,60550003,1,0.8,ppm,9,Napa,24,100,42101,Carbon monoxide,34900,"Napa, CA",6,California,55,Napa,38.310942,-122.296189
11/24/2014,AQS,60550003,1,0.9,ppm,10,Napa,24,100,42101,Carbon monoxide,34900,"Napa, CA",6,California,55,Napa,38.310942,-122.296189
11/25/2014,AQS,60550003,1,1,ppm,11,Napa,24,100,42101,Carbon monoxide,34900,"Napa, CA",6,California,55,Napa,38.310942,-122.296189
11/26/2014,AQS,60550003,1,0.8,ppm,9,Napa,24,100,42101,Carbon monoxide,34900,"Napa, CA",6,California,55,Napa,38.310942,-122.296189
11/27/2014,AQS,60550003,1,0.8,ppm,9,Napa,24,100,42101,Carbon monoxide,34900,"Napa, CA",6,California,55,Napa,38.310942,-122.296189
11/28/2014,AQS,60550003,1,0.9,ppm,10,Napa,24,100,42101,Carbon monoxide,34900,"Napa, CA",6,California,55,Napa,38.310942,-122.296189
11/29/2014,AQS,60550003,1,0.4,ppm,5,Napa,24,100,42101,Carbon monoxide,34900,"Napa, CA",6,California,55,Napa,38.310942,-122.296189
11/30/2014,AQS,60550003,1,0.4,ppm,5,Napa,24,100,42101,Carbon monoxide,34900,"Napa, CA",6,California,55,Napa,38.310942,-122.296189
12-01-2014,AQS,60550003,1,0.5,ppm,6,Napa,24,100,42101,Carbon monoxide,34900,"Napa, CA",6,California,55,Napa,38.310942,-122.296189
12-02-2014,AQS,60550003,1,0.4,ppm,5,Napa,24,100,42101,Carbon monoxide,34900,"Napa, CA",6,California,55,Napa,38.310942,-122.296189
12-03-2014,AQS,60550003,1,0.6,ppm,7,Napa,24,100,42101,Carbon monoxide,34900,"Napa, CA",6,California,55,Napa,38.310942,-122.296189
12-04-2014,AQS,60550003,1,0.7,ppm,8,Napa,24,100,42101,Carbon monoxide,34900,"Napa, CA",6,California,55,Napa,38.310942,-122.296189
12-05-2014,AQS,60550003,1,0.7,ppm,8,Napa,24,100,42101,Carbon monoxide,34900,"Napa, CA",6,California,55,Napa,38.310942,-122.296189
12-06-2014,AQS,60550003,1,0.6,ppm,7,Napa,24,100,42101,Carbon monoxide,34900,"Napa, CA",6,California,55,Napa,38.310942,-122.296189
12-07-2014,AQS,60550003,1,0.7,ppm,8,Napa,24,100,42101,Carbon monoxide,34900,"Napa, CA",6,California,55,Napa,38.310942,-122.296189
12-08-2014,AQS,60550003,1,0.8,ppm,9,Napa,24,100,42101,Carbon monoxide,34900,"Napa, CA",6,California,55,Napa,38.310942,-122.296189
12-09-2014,AQS,60550003,1,0.7,ppm,8,Napa,24,100,42101,Carbon monoxide,34900,"Napa, CA",6,California,55,Napa,38.310942,-122.296189
12-10-2014,AQS,60550003,1,0.7,ppm,8,Napa,24,100,42101,Carbon monoxide,34900,"Napa, CA",6,California,55,Napa,38.310942,-122.296189
12-11-2014,AQS,60550003,1,0.5,ppm,6,Napa,24,100,42101,Carbon monoxide,34900,"Napa, CA",6,California,55,Napa,38.310942,-122.296189
12-12-2014,AQS,60550003,1,0.7,ppm,8,Napa,24,100,42101,Carbon monoxide,34900,"Napa, CA",6,California,55,Napa,38.310942,-122.296189
12/13/2014,AQS,60550003,1,0.7,ppm,8,Napa,24,100,42101,Carbon monoxide,34900,"Napa, CA",6,California,55,Napa,38.310942,-122.296189
12/14/2014,AQS,60550003,1,0.7,ppm,8,Napa,24,100,42101,Carbon monoxide,34900,"Napa, CA",6,California,55,Napa,38.310942,-122.296189
12/15/2014,AQS,60550003,1,0.5,ppm,6,Napa,24,100,42101,Carbon monoxide,34900,"Napa, CA",6,California,55,Napa,38.310942,-122.296189
12/16/2014,AQS,60550003,1,0.8,ppm,9,Napa,24,100,42101,Carbon monoxide,34900,"Napa, CA",6,California,55,Napa,38.310942,-122.296189
12/17/2014,AQS,60550003,1,0.6,ppm,7,Napa,24,100,42101,Carbon monoxide,34900,"Napa, CA",6,California,55,Napa,38.310942,-122.296189
12/18/2014,AQS,60550003,1,0.8,ppm,9,Napa,24,100,42101,Carbon monoxide,34900,"Napa, CA",6,California,55,Napa,38.310942,-122.296189
12/19/2014,AQS,60550003,1,0.8,ppm,9,Napa,24,100,42101,Carbon monoxide,34900,"Napa, CA",6,California,55,Napa,38.310942,-122.296189
12/20/2014,AQS,60550003,1,0.7,ppm,8,Napa,24,100,42101,Carbon monoxide,34900,"Napa, CA",6,California,55,Napa,38.310942,-122.296189
12/21/2014,AQS,60550003,1,0.8,ppm,9,Napa,24,100,42101,Carbon monoxide,34900,"Napa, CA",6,California,55,Napa,38.310942,-122.296189
12/22/2014,AQS,60550003,1,1,ppm,11,Napa,24,100,42101,Carbon monoxide,34900,"Napa, CA",6,California,55,Napa,38.310942,-122.296189
12/23/2014,AQS,60550003,1,1,ppm,11,Napa,24,100,42101,Carbon monoxide,34900,"Napa, CA",6,California,55,Napa,38.310942,-122.296189
12/24/2014,AQS,60550003,1,0.9,ppm,10,Napa,24,100,42101,Carbon monoxide,34900,"Napa, CA",6,California,55,Napa,38.310942,-122.296189
12/25/2014,AQS,60550003,1,0.7,ppm,8,Napa,24,100,42101,Carbon monoxide,34900,"Napa, CA",6,California,55,Napa,38.310942,-122.296189
12/26/2014,AQS,60550003,1,0.5,ppm,6,Napa,24,100,42101,Carbon monoxide,34900,"Napa, CA",6,California,55,Napa,38.310942,-122.296189
12/27/2014,AQS,60550003,1,0.8,ppm,9,Napa,24,100,42101,Carbon monoxide,34900,"Napa, CA",6,California,55,Napa,38.310942,-122.296189
12/28/2014,AQS,60550003,1,0.9,ppm,10,Napa,24,100,42101,Carbon monoxide,34900,"Napa, CA",6,California,55,Napa,38.310942,-122.296189
12/29/2014,AQS,60550003,1,0.8,ppm,9,Napa,24,100,42101,Carbon monoxide,34900,"Napa, CA",6,California,55,Napa,38.310942,-122.296189
12/30/2014,AQS,60550003,1,0.8,ppm,9,Napa,24,100,42101,Carbon monoxide,34900,"Napa, CA",6,California,55,Napa,38.310942,-122.296189
12/31/2014,AQS,60550003,1,0.5,ppm,6,Napa,24,100,42101,Carbon monoxide,34900,"Napa, CA",6,California,55,Napa,38.310942,-122.296189
